loan_id,date_loan,duration_loan,payments_loan,status,account_district,account_frequency,account_date,owner_district,owner_card_type,owner_card_issued,disponent_district,disponent_card_type,disponent_card_issued,count_trans_credits,count_trans_withdrawals,count_trans_credit_cash,count_trans_withdrawal_cash,count_trans_withdrawal_card,count_trans_collection_other_bank,count_trans_remittance_other_bank,count_trans_ksymbol_interest_credited,count_trans_ksymbol_household,count_trans_ksymbol_payment_for_statement,count_trans_ksymbol_insurance_payment,count_trans_ksymbol_sanction_interest_if_negative_balance,count_trans_ksymbol_oldage_pension,last_trans_balance,mean_trans_balance,mean_trans_amount_absolute,mean_trans_amount_credit,mean_trans_amount_withdrawal,mean_trans_amount_signed,owner_male,owner_birthdate,disponent_male,disponent_birthdate
5314,930705,12,8033,1,30,2,930322,30,3,,,1,,4,0,4,0,0,0,0,0,0,0,0,0,0,20100.0,12250.0,5025.0,5025.0,,5025.0,0,470722,,
5316,930711,36,4610,0,46,1,930213,46,3,,,1,,17,20,12,12,0,0,8,5,2,3,0,0,0,52208.9,52083.859459459454,11015.635135135135,13523.158823529411,8884.240000000002,1411.0513513513513,1,680722,,
6863,930728,60,2118,0,45,1,930208,45,3,,,1,,15,9,2,6,0,5,3,8,1,0,0,0,0,20272.8,30060.954166666666,5417.458333333333,5009.733333333334,6097.0,844.7083333333331,1,360602,,
5325,930803,36,2939,0,12,1,930130,14,3,,,1,,13,12,2,10,0,6,2,5,2,2,0,0,0,34307.3,41297.48,8253.080000000002,9254.600000000002,7168.100000000001,1371.7040000000002,0,400420,,
7240,930906,60,4579,0,1,2,930214,63,3,,,1,,13,14,1,11,0,6,3,6,1,2,0,0,0,41112.9,57188.21111111111,18945.966666666667,21255.930769230767,16801.0,1522.7074074074071,1,780907,,
6687,930913,24,3660,0,13,1,930512,13,3,,13.0,0,,14,3,2,3,0,4,0,8,0,0,0,0,0,43847.8,46318.55294117647,9496.929411764706,7331.9857142857145,19600.0,2579.2823529411767,0,800216,1.0,851019.0
7284,930915,12,4399,0,15,1,930114,15,3,,,1,,21,22,14,14,0,0,8,7,4,3,0,0,0,21029.0,22198.17906976744,3714.8976744186048,4304.038095238096,3152.536363636363,489.0465116279069,1,730216,,
6111,930924,24,7281,1,24,1,930414,24,3,,,1,,16,16,11,16,0,0,0,5,4,3,0,0,0,58140.9,37485.45625,11557.95,13374.849999999999,9741.05,1816.9000000000003,0,480812,,
7235,931013,48,3217,0,18,2,930420,18,3,,,1,,16,16,10,16,0,0,0,6,0,4,0,0,0,53402.7,46715.8,9740.150000000001,11408.9875,8071.3125,1668.8374999999996,0,690525,,
5997,931104,24,4876,0,14,1,930620,14,3,,,1,,9,4,1,4,0,4,0,4,0,0,0,0,0,53193.5,44131.16923076923,14122.576923076924,13154.833333333334,16300.0,4091.8076923076924,1,351003,,
7121,931110,36,609,0,55,1,930117,55,3,,55.0,0,,21,24,12,19,0,0,5,9,5,5,0,0,0,49083.3,34272.21333333333,5957.544444444445,7551.738095238095,4562.625,1090.7444444444445,1,600820,0.0,591101.0
6077,931122,24,3317,0,44,1,930113,44,3,,,1,,22,31,1,31,0,11,0,10,0,6,0,0,0,103745.7,69954.57169811321,17600.358490566035,23558.29090909091,13372.148387096773,1957.4679245283016,1,700428,,
6228,931201,60,7742,1,6,2,930319,77,3,,,1,,31,37,22,37,0,0,0,9,0,7,0,0,0,121570.3,51760.01617647058,13335.798529411766,16035.558064516128,11073.837837837838,1284.8573529411763,0,401202,,
6356,931208,36,2650,0,49,2,930315,5,3,,,1,,22,25,13,25,0,0,0,9,0,6,0,0,0,27697.0,41562.32340425532,10370.702127659575,11706.59090909091,9195.12,588.6595744680851,1,710210,,
5523,931208,36,2608,0,63,0,930705,63,3,,,1,,12,7,2,7,0,5,0,5,0,1,0,0,0,34716.3,37510.49473684211,7121.915789473685,7084.7,7185.714285714285,1827.1789473684212,0,501020,,
6456,931209,12,3918,0,64,0,930414,46,3,,,1,,22,20,14,16,0,0,4,8,4,4,0,0,0,58773.2,60382.08571428573,12252.22380952381,13031.063636363637,11395.5,1399.3666666666666,0,571231,,
7104,931213,60,4329,0,68,1,930711,68,3,,,1,,10,7,1,6,0,5,1,4,1,0,0,0,0,67219.5,45198.15294117647,13038.088235294117,14443.35,11030.57142857143,3954.0882352941185,1,790316,,
6820,931216,12,3179,0,1,1,930628,1,3,,,1,,18,11,2,7,0,6,4,10,1,1,0,0,0,56840.8,37462.093103448286,8369.555172413793,8067.861111111111,8863.236363636364,1645.7206896551722,0,650122,,
6876,931221,12,7218,0,11,1,930818,11,3,,,1,,12,3,6,3,0,0,0,6,0,0,0,0,0,37253.1,25714.046666666665,5323.546666666666,4879.433333333333,7100.0,2483.5466666666666,1,610928,,
7097,931223,24,3151,1,54,1,930610,54,3,,,1,,15,8,6,8,0,0,0,9,1,0,0,0,0,41954.8,50009.90869565218,13406.739130434782,11677.0,16650.0,1824.1304347826087,1,581207,,
4959,940105,24,3373,0,1,1,930226,1,3,,1.0,0,,22,32,2,27,0,10,5,10,5,6,0,0,0,27840.6,32590.624074074065,7954.257407407406,10394.786363636364,6276.393749999999,515.5685185185185,1,450204,0.0,401009.0
6499,940105,24,3373,0,1,1,930226,1,3,,1.0,0,,22,32,2,27,0,10,5,10,5,6,0,0,0,28749.1,33312.53888888889,7937.749999999999,10395.177272727273,6248.268749999999,532.3944444444446,1,450204,0.0,401009.0
5479,940110,12,2043,0,1,1,930227,1,3,,,1,,31,42,21,42,0,0,0,10,0,8,0,0,0,78656.2,55582.22602739726,16201.55890410959,20344.677419354837,13143.542857142855,1077.4821917808217,1,581007,,
5170,940120,60,4220,0,68,2,930510,52,3,,,1,,21,20,13,20,0,0,0,8,0,5,0,0,0,81150.6,47302.54634146342,11912.358536585365,13560.890476190476,10181.4,1979.285365853658,0,500313,,
6721,940121,24,878,0,4,1,930908,17,3,,,1,,13,2,7,2,0,0,0,6,0,0,0,0,0,33467.0,21575.68666666666,3164.473333333334,3012.853846153846,4150.0,2057.8066666666664,0,640809,,
7259,940131,36,3004,0,1,1,930520,59,3,,59.0,0,,23,32,15,26,0,0,6,8,6,6,0,0,0,21921.3,54652.89818181817,13671.42909090909,16822.826086956524,11406.3625,398.5709090909086,0,630512,1.0,570423.0
5285,940206,12,6578,0,1,1,930509,31,3,,,1,,24,27,15,18,0,0,9,9,4,5,0,0,0,24601.0,25900.31960784314,3259.0,3975.2083333333335,2622.3703703703704,482.37254901960796,0,570122,,
5189,940207,48,3105,0,11,1,930421,11,3,,,1,,20,34,2,29,0,9,5,9,5,5,0,0,0,19033.5,36845.58888888889,6682.02962962963,9496.580000000002,5026.411764705883,352.47407407407405,0,681220,,
6650,940217,12,4110,1,24,0,930903,24,3,,,1,,17,32,12,22,0,0,10,5,5,5,0,0,0,15673.6,46576.27755102041,10548.35918367347,15663.03529411765,7831.1875,319.869387755102,0,451003,,
7226,940223,36,5493,0,50,1,930913,13,3,,13.0,0,,11,5,7,5,0,0,0,4,0,0,0,0,0,43294.5,44735.43125,14293.4125,12363.145454545454,18540.0,2705.9125,0,700505,1.0,680708.0
6087,940227,60,5011,0,40,1,930429,40,3,,,1,,24,42,15,27,0,0,15,9,5,5,0,0,0,33918.9,45854.89090909091,10342.530303030304,14927.625,7722.476190476191,513.9242424242425,1,500107,,
7262,940301,36,5073,0,75,1,931010,75,3,,,1,,10,3,6,3,0,0,0,4,0,0,0,0,0,45660.9,33229.107692307705,8281.607692307693,7666.089999999999,10333.333333333334,3512.3769230769226,1,590523,,
5519,940308,12,7636,0,7,1,930308,52,3,,52.0,0,,27,43,15,35,0,0,8,12,8,8,0,0,0,33061.9,40976.94285714286,6304.1057142857135,8784.244444444443,4746.8093023255815,472.31142857142885,0,621228,1.0,610326.0
6577,940311,24,2154,0,74,1,930208,74,0,931107.0,,1,,44,58,31,53,5,0,0,13,0,11,0,0,0,38202.2,58226.50490196079,13901.269607843138,16546.952272727274,11894.199999999999,374.53235294117627,0,680128,,
6509,940315,24,2307,0,64,1,930318,64,3,,,1,,47,51,25,51,0,0,0,22,0,10,0,0,0,12414.4,46061.31938775511,8702.47551020408,9204.863829787233,8239.49019607843,126.67959183673443,0,391225,,
6520,940316,24,3800,0,39,1,930728,39,3,,39.0,0,,18,18,3,15,0,8,3,7,3,3,0,0,0,32715.3,32558.533333333333,9999.522222222222,10908.277777777777,9090.766666666668,908.7555555555555,0,550826,1.0,580405.0
6699,940330,24,319,0,48,1,930328,48,3,,48.0,0,,36,45,14,37,0,0,8,22,8,7,0,0,0,36353.1,46444.63950617283,6436.60987654321,7746.088888888891,5389.026666666667,448.80246913580265,0,620903,1.0,590607.0
6336,940331,36,5900,0,38,2,930305,38,3,,,1,,31,40,19,40,0,0,0,12,0,9,0,0,0,64221.1,51034.361971830986,11301.5661971831,13977.941935483872,9227.375,904.523943661972,0,661024,,
7055,940406,60,2785,0,62,1,930506,62,3,,62.0,0,,33,46,22,46,0,0,0,11,0,10,0,0,0,39310.2,63707.62658227849,14332.407594936709,17751.06666666667,11879.891304347826,497.59746835443025,0,700117,1.0,730602.0
6103,940407,60,2489,0,44,2,930521,44,3,,,1,,23,33,3,27,0,10,6,10,6,6,0,0,0,23538.3,29069.11607142857,5778.791071428573,7546.752173913043,4546.575757575758,420.3267857142857,1,630201,,
6202,940418,12,5432,0,54,1,930125,3,3,,,1,,30,52,1,52,0,15,0,14,0,10,0,0,0,67995.4,47426.55000000001,11972.676829268292,17495.916666666668,8786.192307692307,829.213414634146,1,570929,,
7066,940502,36,5983,1,1,1,931127,39,3,,,1,,10,5,3,5,0,0,0,7,0,0,0,0,0,30662.8,32702.726666666662,6110.86,6116.29,6100.0,2044.1933333333334,1,591217,,
6696,940509,60,1484,0,77,1,930412,77,3,,77.0,0,,44,43,18,35,0,0,8,26,8,9,0,0,0,29305.8,30045.399999999994,3441.20459770115,3735.122727272728,3140.4511627906977,336.85057471264366,0,700125,1.0,761116.0
6072,940510,36,5388,0,72,0,931025,72,3,,,1,,20,9,12,9,0,0,0,8,0,1,0,0,0,80780.0,63579.21724137931,16951.03448275862,14309.0,22822.222222222223,2785.5172413793102,1,721203,,
5130,940511,12,2026,0,16,1,930210,16,3,,,1,,37,41,7,41,0,15,0,15,0,11,0,0,0,28461.9,29380.839743589742,4949.474358974359,5601.632432432432,4360.941463414634,364.89487179487185,0,551119,,
5568,940517,60,4542,0,10,1,930618,10,3,,10.0,0,,34,50,23,40,0,0,10,11,10,9,0,0,0,30009.9,44602.64166666666,10778.345238095239,13755.75294117647,8753.708,357.26428571428596,1,390902,0.0,410819.0
6678,940520,12,6695,0,11,1,930705,1,3,,1.0,0,,22,30,3,30,0,10,0,9,0,5,0,0,0,89342.6,61531.590384615396,15464.398076923078,20306.622727272726,11913.433333333332,1718.128846153846,0,760206,1.0,780105.0
6998,940521,12,8136,0,20,1,930724,21,3,,,1,,20,45,1,33,0,10,12,9,6,5,0,0,0,41330.1,53379.12769230769,15218.433846153845,25763.21,10531.866666666667,635.8492307692308,0,680907,,
6580,940522,48,4085,0,23,1,931003,23,3,,,1,,20,27,13,27,0,0,0,7,0,5,0,0,0,86857.4,49143.965957446795,10472.497872340426,14476.62,7506.481481481482,1848.0297872340418,1,580527,,
6316,940526,12,6409,1,12,1,930126,4,3,,,1,,42,60,26,60,0,0,0,16,0,12,0,0,0,14888.6,52890.4039215686,12928.499019607847,15876.135714285712,10865.153333333332,145.96568627450944,0,460119,,
6512,940526,48,1319,0,4,1,930419,31,3,,,1,,35,47,23,30,0,0,17,12,8,8,0,0,0,28553.5,22551.779268292685,2011.2317073170732,2763.92,1450.7191489361699,348.2121951219512,0,560507,,
6407,940526,24,1081,0,41,1,930908,41,3,,,1,,19,18,11,18,0,0,0,8,0,4,0,0,0,69398.9,56927.45405405405,10704.751351351351,12249.336842105264,9074.355555555556,1875.6486486486488,0,600521,,
5002,940531,12,8734,0,66,1,931126,66,3,,66.0,0,,12,18,7,10,0,0,8,5,2,1,0,0,0,28015.4,38709.82999999999,6642.553333333332,9470.5,4757.2555555555555,933.8466666666665,1,391130,0.0,450628.0
6647,940601,48,4340,0,1,2,930207,31,3,,31.0,0,,33,52,3,52,0,15,0,15,0,11,0,0,0,44213.1,43944.889411764714,9434.437647058825,12819.854545454546,7286.0,519.8023529411764,0,680414,1.0,600420.0
7137,940603,24,6315,0,66,1,931121,66,3,,,1,,13,15,1,14,0,6,1,6,1,2,0,0,0,21323.2,53976.29285714286,16935.55357142857,19058.40769230769,15095.746666666668,761.5392857142859,1,530505,,
6903,940604,24,2172,0,30,1,930913,11,3,,,1,,39,32,13,32,0,0,0,26,0,5,0,6,0,58659.8,33459.68028169014,6031.725352112676,6244.838461538462,5771.99375,828.8014084507046,0,590717,,
5918,940604,36,8339,0,27,1,930605,57,3,,,1,,27,44,15,44,0,0,0,12,8,8,0,0,0,33932.8,34084.46056338029,6578.118309859155,9277.392592592592,4921.745454545455,477.9267605633805,1,640313,,
6642,940605,12,6470,0,44,2,930707,27,3,,,1,,22,38,2,38,0,10,0,10,0,6,0,0,0,30825.8,55570.30499999998,13255.798333333334,18776.677272727273,10059.5,513.7649999999999,1,670710,,
6210,940606,48,1817,1,15,1,931126,15,3,,,1,,21,12,3,12,0,6,0,12,2,2,0,0,0,21579.1,28362.248484848482,4041.378787878788,3691.8238095238103,4653.099999999999,657.3060606060606,1,640513,,
6279,940607,24,3640,0,38,1,930721,38,3,,,1,,16,14,6,14,0,0,0,10,0,2,0,0,0,29072.5,36783.95,8145.613333333333,8544.575,7689.657142857143,968.6,1,620710,,
7249,940612,48,1445,0,11,1,930319,46,3,,,1,,31,47,17,47,0,0,0,14,0,10,0,0,0,38665.0,33857.10641025641,4748.167948717948,6597.1322580645165,3528.6382978723404,495.7064102564103,1,410728,,
6736,940614,60,4806,0,1,0,940227,1,3,,,1,,8,2,4,2,0,0,0,4,0,0,0,0,0,43313.2,33211.759999999995,8585.04,8081.299999999999,10600.0,4345.039999999999,1,351215,,
6112,940617,24,7281,1,34,1,930322,5,3,,,1,,38,80,23,38,0,0,42,15,14,14,0,3,0,6930.8,26252.81440677965,7375.627966101697,11542.828947368422,5396.2075,58.73644067796605,0,781121,,
5319,940623,60,3991,0,40,1,930922,68,3,,,1,,18,28,1,20,0,9,8,8,4,4,0,0,0,36240.6,40061.58043478262,9689.680434782607,13387.938888888888,7312.228571428571,787.8369565217392,0,420913,,
6596,940625,24,3816,0,1,1,931126,33,3,,,1,,14,17,1,17,0,7,0,6,0,2,0,0,0,49842.9,50765.41612903224,15002.819354838708,18390.37142857143,12213.070588235294,1607.8387096774193,0,511116,,
5837,940629,60,4076,0,56,1,931014,58,3,,,1,,18,24,3,20,0,8,4,7,4,3,0,0,0,21326.1,38426.728571428575,10168.945238095237,12456.161111111112,8453.533333333333,507.7642857142857,0,670719,,
5657,940705,12,415,0,63,1,931105,63,3,,,1,,19,27,11,17,0,0,10,8,3,4,0,0,0,22500.3,30533.37173913043,3932.5043478260873,5352.515789473684,2933.237037037037,489.13913043478266,0,520726,,
5533,940705,24,4641,0,19,1,930320,11,3,,,1,,55,97,39,69,0,0,28,16,14,14,0,0,0,52318.9,65097.22434210526,13525.023684210526,19164.749090909096,10327.241237113401,344.2026315789469,1,670210,,
6232,940708,36,7685,1,56,1,930828,56,3,,,1,,30,28,20,28,0,0,0,10,7,6,0,0,0,19783.2,19256.894827586206,3499.2862068965514,3712.366666666667,3270.9857142857145,341.0931034482758,1,490518,,
6888,940711,12,3298,0,1,1,930204,32,3,,,1,,53,62,21,39,0,0,23,32,12,12,0,0,0,23901.1,48944.82782608695,8275.28347826087,9203.384905660376,7481.906451612903,207.8365217391306,0,800502,,
6066,940711,24,7242,0,77,0,930623,77,3,,77.0,0,,26,49,1,49,0,13,0,12,0,8,0,0,0,94431.9,61218.65866666667,17396.585333333336,26907.226923076923,12350.122448979591,1259.092,0,570127,1.0,500305.0
5549,940716,60,841,0,11,1,931020,11,3,,,1,,19,24,11,19,0,0,5,8,5,4,0,0,0,41531.0,37570.62790697674,6392.972093023255,8327.073684210525,4861.808333333333,965.8372093023257,0,471017,,
5060,940719,60,4201,1,1,1,931129,60,3,,,1,,26,35,19,25,0,0,10,7,5,5,0,0,0,70096.5,57340.50819672131,11625.122950819672,14985.173076923076,9129.085714285715,1149.1229508196718,0,650803,,
6004,940723,24,5996,0,12,1,930220,50,3,,,1,,47,92,30,60,0,0,32,17,16,15,0,0,0,38336.2,49727.45611510792,9194.261151079136,14003.602127659573,6737.315217391304,275.80071942445994,1,510410,,
5126,940724,48,4336,1,54,1,930511,54,3,,,1,,29,35,16,35,0,0,0,13,0,8,0,0,0,81474.6,36369.975,9442.159375,11823.668965517241,7468.908571428572,1273.040625,1,510806,,
7220,940728,36,3647,0,1,2,930529,1,3,,,1,,29,54,2,44,0,14,10,13,10,9,0,0,0,31361.3,36635.11566265058,7915.583132530121,11868.186206896553,5792.888888888889,377.84819277108426,1,540320,,
6668,940730,36,2076,0,45,1,930626,45,3,,,1,,26,41,14,33,0,0,8,12,8,8,0,0,0,33243.7,37912.99850746269,8191.962686567164,11194.334615384616,6288.019512195122,496.17761194029845,1,651029,,
5395,940730,36,8308,1,67,1,930606,67,3,,,1,,46,80,33,56,0,0,24,13,12,11,0,0,0,19448.5,51992.85476190475,12746.58650793651,17668.680434782607,9916.3825,154.35476190476217,0,661210,,
6836,940803,60,3155,0,47,1,930616,58,3,,,1,,42,60,16,42,0,0,18,26,9,9,0,0,0,24471.4,32354.031372549023,5114.498039215686,6502.74761904762,4142.723333333333,240.70588235294125,1,531205,,
6064,940804,12,1219,0,55,1,930701,55,3,,,1,,29,73,16,40,0,0,33,13,8,9,0,0,0,34902.8,32788.14215686275,4093.035294117647,7799.868965517241,2620.457534246575,342.1843137254902,0,490308,,
6919,940805,36,3358,0,1,2,930327,1,3,,,1,,36,60,21,48,0,0,12,15,12,13,0,0,0,52014.4,40838.755208333336,9301.089583333332,13123.877777777778,7007.416666666667,541.8187499999998,0,440420,,
6841,940807,48,3585,0,10,1,940121,10,3,,,1,,25,17,12,17,0,0,0,13,0,4,0,0,0,58224.0,60743.957142857136,11368.769047619047,10713.956,12331.729411764705,1385.9404761904764,0,570305,,
6038,940810,48,6739,0,1,1,930621,1,3,,,1,,28,29,19,24,0,0,5,9,5,6,0,0,0,69179.8,45414.07368421052,12422.015789473682,13879.189285714285,11015.089655172413,1213.6789473684207,0,401015,,
6729,940811,12,6224,0,23,1,930402,23,3,,23.0,0,,49,63,1,51,0,16,12,32,12,12,0,0,0,28933.3,48484.62410714286,11551.496428571429,13496.946938775509,10038.368253968254,258.3321428571427,0,450126,1.0,500115.0
7198,940823,12,3814,0,67,2,931122,72,3,,,1,,22,5,10,5,0,0,0,12,0,0,0,0,0,54427.5,32555.818518518518,5645.466666666667,4701.254545454546,9800.0,2015.8370370370374,0,770527,,
6686,940825,36,6239,0,31,1,930324,31,3,,31.0,0,,34,59,1,59,0,17,0,16,0,12,0,0,0,40287.4,57496.989247311845,14537.803225806454,20475.04411764706,11116.342372881356,433.19677419354826,1,760524,0.0,790813.0
5836,940827,24,3318,0,66,1,940408,66,3,,,1,,10,6,1,5,0,5,1,4,1,0,0,0,0,89746.5,63494.2,24948.65625,24446.25,25786.0,5609.15625,0,590810,,
7061,940827,24,5079,0,55,1,930428,55,3,,,1,,39,54,24,54,0,0,0,15,0,9,0,0,0,41917.2,54422.59677419356,13230.344086021505,16312.041025641025,11004.674074074075,450.7225806451612,1,650307,,
5595,940902,12,6908,0,60,1,930508,49,0,940215.0,49.0,0,,34,92,4,57,2,15,33,15,11,11,0,0,0,64286.0,57141.73095238094,10765.977777777778,20655.870588235295,7111.017391304347,381.6349206349207,1,720206,0.0,750502.0
5723,940910,12,1969,0,38,1,930312,38,3,,,1,,49,61,31,49,0,0,12,18,12,13,0,0,0,64096.3,47420.84181818182,9915.672727272728,11783.88163265306,8414.980327868852,582.6945454545454,1,540309,,
6120,940911,48,4358,0,52,1,930816,1,3,,,1,,26,42,1,42,0,13,0,12,0,8,0,0,0,44254.7,46230.33970588236,14438.21176470588,19731.792307692307,11161.233333333334,650.8058823529409,1,530618,,
6895,940919,12,3492,0,68,1,930124,70,3,,,1,,63,80,26,50,0,0,30,37,15,15,0,0,0,39204.7,36080.386713286716,6720.9006993007,7938.838095238093,5761.775,274.15944055944004,1,740708,,
5882,940926,12,7318,0,32,1,930607,1,3,,1.0,0,,41,43,27,32,0,0,11,14,11,10,0,0,0,15665.6,25533.21428571429,4538.9,4840.648780487805,4251.186046511628,186.4952380952383,1,610502,0.0,660525.0
5754,940928,12,1921,0,54,1,930119,54,3,,54.0,0,,48,123,29,62,0,0,61,19,15,15,0,0,0,28531.7,23771.966081871342,3618.3263157894735,6742.349999999999,2399.1951219512193,166.85263157894747,0,401101,1.0,460210.0
6594,940928,24,7904,1,60,1,940517,60,3,,,1,,5,0,5,0,0,0,0,0,0,0,0,0,0,22500.0,14900.0,4500.0,4500.0,,4500.0,0,700219,,
6738,940929,36,6395,1,74,1,931008,74,3,,,1,,38,44,17,25,0,0,19,21,9,10,0,3,0,6325.5,27658.48780487805,7188.852439024389,7839.626315789475,6626.820454545454,77.14268292682937,0,421109,,
6624,940930,12,5955,0,55,1,931108,55,3,,55.0,0,,20,23,12,19,0,0,4,8,4,4,0,0,0,82549.0,47991.53023255814,10433.43953488372,13133.975,8085.147826086956,1784.211627906977,1,450803,0.0,430615.0
6216,940930,24,5885,0,50,1,930907,50,3,,,1,,27,75,2,41,0,13,34,12,8,8,0,0,0,45871.6,57219.5745098039,9343.385294117648,18498.092592592595,6047.690666666667,449.7225490196078,1,620911,,
6229,941002,24,489,0,1,1,930422,1,3,,,1,,36,97,19,59,0,0,38,17,13,13,0,0,0,26984.4,42224.439097744355,6032.843609022556,11518.78888888889,3996.822680412371,202.89172932330808,1,380916,,
5887,941003,36,5354,0,60,1,930602,60,3,,60.0,0,,33,43,19,43,0,0,0,14,0,10,0,0,0,29033.7,37265.655263157896,7643.909210526314,9241.760606060605,6417.651162790697,381.8302631578948,0,710920,1.0,790606.0
6808,941012,36,6330,0,64,1,930925,64,3,,64.0,0,,45,38,21,38,0,0,0,24,0,11,0,0,0,53716.6,45134.721686747,8156.793975903614,8119.22888888889,8201.27894736842,647.1891566265059,0,551104,1.0,530709.0
6297,941025,12,1459,0,74,1,930801,12,3,,,1,,31,41,17,41,0,0,0,14,0,10,0,0,0,48027.0,39290.618055555555,4842.765277777778,6398.487096774194,3666.487804878049,667.0430555555556,1,460401,,
5161,941028,24,4091,0,65,1,940709,65,3,,,1,,11,3,1,3,0,4,0,6,0,0,0,0,0,68956.1,41660.39285714285,9311.157142857144,9059.654545454547,10233.333333333334,4925.442857142858,0,450612,,
5390,941030,24,7094,0,16,1,930808,16,3,,,1,,31,46,18,36,0,0,10,13,10,9,0,0,0,43302.8,40091.183116883105,9089.424675324675,11986.912903225804,7136.769565217391,562.3753246753247,0,650716,,
6150,941102,12,6918,0,70,1,930208,57,3,,,1,,67,129,46,93,0,0,36,21,18,18,0,0,0,93605.6,67891.93520408162,13414.556632653064,20124.31791044776,9929.641860465117,343.90561224489795,1,790326,,
6223,941103,48,1272,0,1,1,931121,57,3,,,1,,23,41,12,29,0,0,12,11,6,7,0,0,0,33539.9,36039.0515625,5646.3390625,8584.586956521738,3998.053658536585,523.8328125,0,570906,,
5032,941103,48,2577,0,56,1,931202,56,3,,,1,,22,39,12,27,0,0,12,10,6,6,0,0,0,25201.8,49084.38196721312,8953.219672131147,12984.854545454546,6678.964102564103,412.90491803278684,1,400827,,
6253,941104,24,2490,0,74,1,931227,74,3,,74.0,0,,22,32,12,27,0,0,5,10,5,6,0,0,0,41147.7,40204.46481481482,8295.155555555555,11115.263636363636,6356.331249999999,761.7259259259258,1,581126,0.0,640908.0
6460,941106,36,1352,0,1,1,930917,55,3,,55.0,0,,34,63,21,27,0,0,36,13,9,9,0,0,0,23124.6,23050.189690721647,1577.4938144329897,2590.1029411764707,1031.0063492063493,238.24845360824744,0,480502,1.0,481026.0
6645,941106,36,3900,0,1,1,931010,74,3,,,1,,22,23,9,23,0,0,0,13,0,5,0,0,0,28271.8,43563.619999999995,10991.504444444445,11883.85,10137.95652173913,628.2599999999998,1,411015,,
5176,941112,24,8023,1,20,2,930829,20,3,,,1,,26,25,12,25,0,0,0,14,0,6,0,0,0,22255.5,23979.011764705883,5774.419607843138,6090.784615384615,5445.4,435.792156862745,0,631231,,
5269,941119,36,4557,1,31,0,931117,31,3,,,1,,28,37,16,37,0,0,0,12,0,10,0,1,0,20811.2,41752.161538461536,11809.263076923078,14078.810714285715,10091.767567567567,320.1738461538461,0,750912,,
5351,941204,36,5700,0,57,2,930611,1,3,,,1,,36,93,2,54,0,17,39,17,13,13,0,0,0,54586.0,58336.31162790698,9244.202325581395,17320.669444444447,6117.8279569892475,423.1480620155037,0,630125,,
5861,941208,24,2142,0,29,1,931116,29,3,,,1,,31,33,19,33,0,0,0,12,0,8,0,0,0,49213.4,52299.2859375,13410.8203125,14636.958064516128,12258.99393939394,768.7328124999998,1,490724,,
5450,941211,60,3328,0,5,1,931025,52,3,,,1,,28,46,2,37,0,13,9,13,9,9,0,0,0,19924.0,33658.61756756757,7353.527027027027,10072.949999999999,5698.226086956522,269.2459459459461,1,490523,,
7142,941219,60,8049,1,1,1,930829,1,3,,,1,,56,74,26,40,0,0,34,30,11,11,0,0,0,18439.4,26358.754615384612,4060.6807692307693,4877.926785714286,3442.224324324324,141.84076923076915,0,760521,,
6306,941220,12,3057,0,31,1,930329,70,3,,,1,,50,75,30,75,0,0,0,20,16,16,0,0,0,35093.0,30229.7976,4768.6431999999995,6311.736,3739.9146666666666,280.74560000000014,0,780923,,
6272,941220,60,6644,0,74,2,930726,74,3,,,1,,34,52,1,52,0,17,0,16,0,12,0,0,0,59316.9,63383.57558139537,16552.96279069767,21806.935294117648,13117.673076923076,689.7302325581397,0,600209,,
5044,941221,60,1683,0,54,1,931201,54,3,,,1,,27,43,15,34,0,0,9,12,9,8,0,0,0,47137.7,35614.744285714296,5261.0485714285705,7692.8,3734.13488372093,673.3971428571427,1,650731,,
5576,941221,12,2604,0,1,1,930530,1,3,,,1,,51,69,33,69,0,0,0,18,0,12,0,0,0,53922.3,64493.09916666667,13845.458333333334,16817.427450980394,11648.785507246375,449.35500000000036,0,390315,,
7192,941221,36,3222,0,45,2,930417,31,3,,,1,,46,81,26,49,0,0,32,20,16,16,0,0,0,17711.5,25666.407086614174,6214.3740157480315,8683.641304347824,4812.074074074074,76.13779527559066,1,370517,,
5739,950102,12,6365,0,1,1,940501,1,3,,,1,,20,25,12,13,0,0,12,8,4,4,0,0,0,23171.2,26122.848888888893,3571.5911111111113,4596.96,2751.296,514.5955555555556,0,570628,,
6526,950103,36,8013,0,63,1,940829,63,3,,,1,,14,3,6,3,0,0,0,8,0,0,0,0,0,48840.6,36999.52352941177,8402.382352941177,6845.750000000001,15666.666666666666,2872.970588235294,0,581026,,
5624,950103,48,3703,1,71,1,930810,59,3,,,1,,36,59,21,59,0,0,0,15,0,14,0,2,0,14230.7,26746.5252631579,6726.888421052632,9073.402777777777,5295.116949152542,149.79578947368427,1,720313,,
6244,950108,36,7518,1,1,2,940307,1,3,,,1,,36,36,16,36,0,0,0,20,6,7,0,0,0,50996.5,60819.9763888889,12958.56388888889,13666.849999999999,12250.277777777777,708.2861111111112,1,371104,,
5131,950108,24,2026,0,52,1,930805,40,3,,,1,,49,68,32,56,0,0,12,17,12,12,0,0,0,47993.6,63857.236752136756,12180.788034188035,15032.102040816326,10126.164705882353,410.20341880341863,1,610930,,
6960,950111,24,3184,0,1,1,930313,1,3,,1.0,0,,57,96,13,60,0,22,36,22,18,18,0,0,0,12262.9,31375.160784313728,6527.337254901961,8867.943859649122,5137.602083333334,80.15032679738562,1,370902,0.0,341119.0
6358,950114,60,2298,1,48,2,930915,72,3,,,1,,38,51,7,51,0,16,0,15,0,11,0,0,0,19966.8,24523.073033707864,6024.032584269663,7317.181578947369,5060.509803921569,224.34719101123585,1,630312,,
5418,950116,48,7249,0,29,1,930330,29,3,,,1,,50,70,31,70,0,0,0,19,0,14,0,0,0,57546.3,54157.194166666675,13441.428333333335,16705.180000000004,11110.177142857143,479.5550000000001,0,641030,,
6598,950118,12,5676,0,75,1,930804,35,3,,,1,,37,110,2,69,0,18,41,17,13,13,0,0,0,39416.1,47220.13401360544,9898.475510204082,20195.840540540536,6434.816363636364,268.13809523809516,0,771130,,
5464,950130,12,7984,0,24,1,931127,43,3,,,1,,40,50,27,50,0,0,0,13,0,10,0,0,0,72500.4,59701.786666666674,16058.694444444445,18972.2875,13727.82,805.5611111111111,1,400907,,
6591,950202,48,434,0,38,1,930801,38,3,,,1,,47,104,29,52,0,0,52,18,13,14,0,0,0,17872.5,21368.90993377484,2499.06821192053,4204.593617021277,1728.3019230769228,118.36092715231788,1,480504,,
5724,950205,60,5269,1,1,1,930324,1,3,,,1,,60,79,38,79,0,0,0,22,18,18,0,0,0,12811.8,18632.933812949643,3872.068345323741,4591.911666666667,3325.3518987341763,92.17194244604312,1,680222,,
6315,950206,12,3597,0,61,1,940208,61,3,,,1,,26,43,2,43,0,12,0,12,0,8,0,0,0,31349.9,68377.06376811594,14188.25652173913,19429.61153846154,11019.065116279067,454.3492753623184,0,760106,,
5876,950208,48,4610,0,74,2,940115,74,3,,74.0,0,,25,46,1,39,0,12,7,12,7,8,0,0,0,31344.7,37596.93239436621,11891.501408450704,17512.224000000002,8836.760869565218,441.0507042253522,1,680328,0.0,640923.0
6986,950211,48,3161,1,74,1,940516,74,3,,,1,,28,29,14,29,0,0,0,14,0,5,0,5,0,26488.7,30491.098245614034,8289.664912280703,8910.703571428572,7690.041379310345,464.71052631578937,1,760623,,
6294,950212,60,1332,0,26,1,931126,26,3,,,1,,29,66,15,46,0,0,20,14,10,10,0,0,0,31271.6,43846.97789473685,7707.406315789474,13163.365517241378,5310.090909090909,329.17473684210523,1,530405,,
5132,950217,60,8975,0,5,1,940318,5,3,,,1,,22,36,12,29,0,0,7,10,7,6,0,0,0,23271.0,33687.85862068965,8499.934482758621,11733.345454545457,6523.961111111112,401.2241379310345,1,600628,,
5877,950223,24,4051,0,24,1,930910,17,3,,17.0,0,,42,70,26,44,0,0,26,16,13,12,0,0,0,19479.6,22360.536607142854,3938.214285714286,5482.85238095238,3011.431428571428,173.92500000000004,0,510407,1.0,500201.0
6227,950304,24,1177,0,47,1,930824,47,3,,,1,,38,56,20,56,0,0,0,18,0,14,0,0,0,33743.7,45582.448936170214,8111.680851063831,10476.673684210524,6506.864285714285,358.8212765957444,0,700210,,
7241,950304,24,7041,1,1,1,930810,1,3,,,1,,74,86,36,86,0,0,0,38,0,18,0,2,0,24304.3,56053.9975,11357.386875,12442.474324324325,10423.706976744186,151.9018750000003,1,760318,,
6737,950311,24,3195,0,68,1,930912,68,3,,68.0,0,,53,90,2,64,0,17,26,34,13,13,0,0,0,27191.2,62933.47482517484,9877.504195804197,13581.835849056604,7696.064444444445,190.15034965034965,1,490107,0.0,540319.0
7004,950315,60,5526,0,12,1,930821,2,3,,2.0,0,,40,79,22,51,0,0,28,18,14,14,0,0,0,47992.1,36941.99831932772,7321.519327731092,11490.66,5210.562025316454,403.2941176470587,1,801123,0.0,820625.0
6169,950316,60,1728,1,42,1,930720,42,3,,,1,,44,65,25,65,0,0,0,19,0,15,0,0,0,36427.6,28250.10917431193,3896.382568807339,5169.697727272727,3034.4461538461537,277.31834862385324,1,710624,,
5208,950316,48,2077,1,25,1,930608,65,3,,,1,,45,63,31,63,0,0,0,14,0,12,0,1,0,32966.8,46341.29351851852,11716.779629629631,14426.435555555556,9781.31111111111,305.25000000000006,0,710625,,
6694,950319,24,5616,0,70,1,940604,70,3,,,1,,30,25,13,25,0,0,0,17,0,6,0,0,0,16218.7,44005.11272727274,9329.634545454544,8822.476666666666,9938.223999999998,294.8854545454549,0,400511,,
5599,950321,12,1285,0,40,1,930523,1,3,,,1,,53,98,32,64,0,0,34,21,17,17,0,0,0,31867.2,24577.199999999997,3142.184105960265,4776.766037735849,2258.1755102040815,211.04238410596022,0,650604,,
6546,950327,24,1322,0,1,1,930905,1,3,,1.0,0,,41,76,23,62,0,0,14,18,14,14,0,0,0,32802.7,31139.747863247867,5173.091452991453,7781.153658536585,3766.1105263157892,280.3666666666668,1,500410,0.0,501109.0
5414,950329,48,3874,0,34,1,940319,34,3,,,1,,20,14,10,13,0,0,1,10,1,0,0,0,0,82385.2,50113.194117647065,12283.385294117646,12500.505000000001,11973.214285714286,2423.0911764705884,1,450222,,
5453,950401,36,4352,0,28,1,940225,28,3,,,1,,37,38,24,30,0,0,8,13,8,9,0,0,0,23271.5,22927.50266666667,3313.364,3672.6189189189195,2963.5631578947373,310.2866666666667,0,560425,,
5740,950402,12,1547,0,1,1,941125,1,3,,,1,,9,4,5,4,0,0,0,4,0,0,0,0,0,43265.7,35538.04615384616,8589.66923076923,8607.3,8550.0,3328.130769230769,0,630204,,
5804,950405,48,3312,0,52,1,931103,52,3,,,1,,52,104,36,62,0,0,42,16,14,14,0,0,0,18879.4,49916.09102564102,8573.476923076923,13041.750000000002,6339.340384615385,121.02307692307677,1,390109,,
6745,950410,24,1971,0,64,1,931110,64,3,,,1,,76,91,42,77,0,0,14,34,14,15,0,0,0,62458.3,68740.02335329342,13867.846706586828,15647.294736842105,12381.714285714286,374.002395209581,1,710803,,
6950,950411,24,4363,0,74,1,930520,74,3,,,1,,72,119,50,97,0,0,22,22,22,22,0,0,0,21801.2,57357.84345549739,11980.312565445027,16041.951388888889,9522.850420168068,114.14293193717302,1,441212,,
6996,950413,24,5275,0,11,1,930520,47,3,,,1,,46,86,1,86,0,23,0,22,0,18,0,0,0,48720.6,47118.99318181818,11683.98787878788,17293.55652173913,8683.520930232558,369.0969696969709,1,390227,,
5352,950415,12,5700,1,68,1,941030,68,3,,,1,,9,5,4,5,0,0,0,5,0,0,0,0,0,23946.1,31793.73571428571,7253.3,6971.799999999999,7760.0,1710.4428571428568,0,760609,,
6151,950425,60,3757,0,61,1,940617,61,3,,,1,,22,29,13,29,0,0,0,9,0,5,0,0,0,32403.4,31185.156862745098,5452.343137254902,7056.204545454545,4235.620689655173,635.3627450980392,0,480803,,
5310,950428,36,6893,0,28,1,931211,28,3,,,1,,37,83,22,50,0,0,33,15,11,11,0,0,0,41108.6,36063.78833333333,5453.365000000001,9398.816216216215,3694.549397590361,342.57166666666666,0,400724,,
5045,950501,24,7801,1,65,1,931213,1,3,,,1,,38,50,21,50,0,0,0,17,0,12,0,1,0,50846.7,42084.311363636356,10834.71590909091,13214.305263157896,9026.228,577.6386363636367,1,471008,,
6929,950508,12,3033,0,1,2,930706,76,3,,,1,,56,102,34,83,0,0,19,22,19,19,0,0,0,45480.6,57977.034810126584,11730.83987341772,16954.94107142857,8862.70588235294,287.85253164556934,1,720403,,
5151,950524,60,3151,0,4,0,941102,4,3,,,1,,14,16,1,13,0,7,3,6,3,2,0,0,0,68945.6,72242.89666666668,17833.45,21569.60714285714,14564.3125,2298.1833333333334,0,581230,,
5212,950529,36,1974,0,38,1,940421,38,3,,,1,,29,57,17,39,0,0,18,12,9,8,0,0,0,31397.0,34577.30232558139,4896.447674418605,7801.575862068965,3418.3999999999996,365.0802325581395,0,461017,,
5138,950530,48,1817,0,62,1,930921,1,3,,,1,,41,107,22,60,0,0,47,19,16,15,0,0,0,26795.3,30847.14932432432,2960.6979729729733,5670.470731707317,1922.3738317757009,181.04932432432435,0,540316,,
5713,950530,60,2646,0,48,1,930727,48,3,,,1,,55,111,12,60,0,22,51,21,17,17,0,0,0,19182.3,24908.761445783133,4654.089156626506,7197.829090909092,3393.677477477477,115.55662650602423,1,780131,,
6704,950601,60,6951,0,29,1,931120,29,3,,29.0,0,,41,33,22,25,0,0,8,19,4,4,0,0,0,80621.0,58445.02702702703,10583.993243243245,10538.953658536586,10639.951515151515,1094.3067567567566,0,610914,1.0,581110.0
6474,950606,60,1056,0,49,1,930906,49,3,,49.0,0,,49,70,29,54,0,0,16,20,16,16,0,0,0,25649.6,29108.363865546213,3181.7697478991595,4125.163265306122,2521.3942857142856,215.42352941176483,1,550814,0.0,620712.0
6676,950613,24,1241,0,26,1,950208,26,3,,26.0,0,,9,3,6,3,0,0,0,3,0,0,0,0,0,37920.3,27626.083333333332,6943.350000000001,6735.577777777778,7566.666666666667,3160.0166666666664,0,691225,1.0,730627.0
6965,950613,24,5814,0,61,1,931114,61,3,,,1,,67,98,48,81,0,0,17,19,17,17,0,0,0,36472.9,63889.87393939395,14454.311515151518,18070.405970149255,11982.08367346939,221.04848484848625,0,410913,,
6725,950623,36,7370,0,19,1,930918,51,3,,51.0,0,,64,84,24,67,0,0,17,40,17,16,0,0,0,35289.8,35566.881081081076,5332.347972972973,6441.2328125,4487.483333333333,238.4479729729729,0,480828,1.0,501204.0
7166,950624,24,8260,0,41,1,950115,41,3,,,1,,11,5,7,4,0,0,1,4,1,0,0,0,0,44644.2,30953.14375,7546.8875,7095.2,8540.6,2209.0125,1,560218,,
7138,950703,60,1000,0,72,1,930913,45,3,,,1,,48,89,27,55,0,0,34,21,17,17,0,0,0,16878.6,24643.283941605834,2567.844525547445,3840.34375,1881.552808988764,123.19927007299283,1,461015,,
5970,950709,48,9689,0,66,1,940114,66,3,,66.0,0,,38,65,21,65,0,0,0,17,13,13,0,0,0,37152.4,27778.74563106796,8579.534951456311,12116.376315789475,6511.843076923077,360.7038834951457,1,480508,0.0,410511.0
6157,950710,24,4108,0,10,0,950108,10,3,,,1,,13,13,1,11,0,6,2,6,2,2,0,0,0,43871.9,54128.56538461537,10807.380769230771,12494.76153846154,9120.0,1687.380769230769,0,631224,,
6153,950725,60,4760,0,5,2,941115,5,3,,5.0,0,,24,25,17,25,0,0,0,7,0,6,0,0,0,28194.4,49651.8918367347,10411.720408163264,11216.012499999999,9639.6,575.3938775510202,0,801207,1.0,810607.0
5693,950801,24,1837,0,9,1,941208,9,3,,,1,,17,15,10,12,0,0,3,7,3,3,0,0,0,44383.2,36548.818750000006,6617.940624999999,7533.605882352941,5580.186666666667,1386.515625,0,510625,,
5922,950805,12,1685,0,9,1,940827,9,3,,,1,,23,28,14,23,0,0,5,9,5,6,0,0,0,31303.3,41077.63529411765,9715.854901960784,11452.434782608696,8289.378571428571,613.7921568627452,0,730515,,
5959,950811,24,4485,0,2,1,950213,2,3,,,1,,12,11,1,9,0,6,2,5,1,1,0,0,0,65325.4,50214.50434782608,17488.55217391304,19481.758333333335,15314.145454545454,2840.239130434783,0,591122,,
5980,950818,12,1783,0,15,1,940604,15,3,,15.0,0,,34,44,5,44,0,15,0,14,0,10,0,0,0,24782.0,30812.94615384616,4644.4371794871795,5691.885294117647,3835.0454545454545,317.7192307692308,1,680909,0.0,750128.0
6764,950826,48,708,0,64,1,940824,64,3,,,1,,36,34,14,34,0,0,0,22,0,7,0,0,0,44465.4,38587.759999999995,4598.1442857142865,5087.997222222223,4079.476470588235,635.2242857142858,1,720804,,
5237,950829,24,1889,0,19,1,940427,19,3,,,1,,33,57,18,45,0,0,12,15,12,11,0,0,0,39839.5,48152.95333333333,7594.232222222223,10959.40303030303,5645.975438596491,442.6633333333331,1,570429,,
6726,950903,60,1431,0,2,1,940629,2,3,,,1,,47,49,19,40,0,0,9,28,9,10,0,0,0,39220.2,30461.404166666664,3377.4270833333335,3868.085106382979,2906.795918367347,410.0729166666667,0,551020,,
6933,950909,48,3931,0,64,1,950402,64,3,,,1,,12,10,2,9,0,5,1,5,1,1,0,0,0,23579.7,42203.17272727272,10873.772727272728,10950.116666666667,10782.16,1071.8090909090913,0,650723,,
5145,950916,48,6449,0,72,1,950118,72,3,,,1,,16,19,1,15,0,8,4,7,4,3,0,0,0,51799.4,56105.49999999999,17429.002857142856,20681.70625,14689.884210526317,1479.9857142857143,1,350129,,
7008,950922,12,3014,0,1,1,950304,1,3,,,1,,15,21,2,13,0,7,8,6,2,2,0,0,0,29138.1,39063.766666666685,6931.622222222222,9289.213333333335,5247.628571428572,809.3888888888889,1,610819,,
7227,951002,60,5242,0,44,2,940605,44,3,,,1,,56,74,40,62,0,0,12,16,12,13,0,0,0,50487.0,63527.41999999999,15168.362307692309,18056.912500000002,12982.432432432432,388.36230769230843,0,551118,,
6600,951008,36,607,0,34,1,950422,34,3,,,1,,12,6,7,5,0,0,1,5,0,1,0,0,0,42899.4,38509.05,9232.25,8711.658333333335,10273.433333333332,2383.2944444444447,1,541205,,
6712,951014,60,4437,0,20,1,940510,20,3,,,1,,53,91,21,52,0,0,39,32,13,12,0,0,0,38159.6,34922.881250000006,5581.28125,7942.118867924529,4206.2879120879115,265.00069444444426,0,650217,,
7057,951020,36,6436,0,1,2,940701,1,3,,1.0,0,,34,92,3,57,0,16,35,15,11,11,0,0,0,47174.7,45873.61666666666,10683.372222222222,20382.05588235294,7099.076086956522,316.46746031746017,1,730530,0.0,740103.0
7176,951028,36,7223,0,11,1,931208,11,3,,,1,,47,114,4,79,0,22,35,21,18,17,0,0,0,69850.9,50676.8198757764,12514.357142857141,22177.26170212766,8530.52807017544,433.8577639751544,1,761125,,
7304,951029,60,6998,0,1,2,950526,1,3,,1.0,0,,11,7,2,6,0,5,1,4,1,0,0,0,0,24704.4,59352.833333333336,24426.472222222223,21108.227272727272,29640.85714285714,1372.4722222222222,0,451030,1.0,430406.0
6362,951031,12,3159,0,62,1,940728,62,3,,,1,,31,45,2,45,0,15,0,14,0,10,0,0,0,46113.5,42164.027631578945,7485.496052631578,9919.538709677418,5808.711111111111,606.759210526316,0,760508,,
5880,951031,36,2051,0,39,1,950426,39,3,,,1,,14,5,9,5,0,0,0,5,0,0,0,0,0,67453.1,55315.16842105263,16708.057894736845,13746.65,25000.0,3550.163157894737,0,670529,,
6535,951102,12,3496,0,43,1,940903,43,3,,,1,,31,74,3,44,0,14,30,14,10,10,0,0,0,24672.8,41502.02571428572,5890.40761904762,10373.638709677422,4012.2972972972975,234.97904761904778,1,721210,,
5449,951104,24,4139,0,68,1,941209,68,3,,,1,,24,28,14,22,0,0,6,10,6,6,0,0,0,30824.1,27019.571153846155,4348.373076923077,5352.908333333333,3487.342857142857,592.773076923077,0,800709,,
6342,951112,36,1671,1,16,1,950327,16,3,,,1,,26,30,19,22,0,0,8,7,4,4,0,0,0,132316.8,72667.63571428572,15972.280357142858,18483.857692307694,13795.579999999998,1191.301785714286,1,760808,,
5409,951118,60,3034,0,19,1,941121,19,3,,19.0,0,,24,35,1,35,0,12,0,11,0,7,0,0,0,38747.5,67475.90169491526,17539.79661016949,22366.575,14230.005714285713,656.7389830508471,0,510324,1.0,490822.0
6955,951122,48,5091,0,65,0,940722,65,3,,,1,,64,80,49,80,0,0,0,15,0,15,0,0,0,86194.1,75924.24097222222,17859.127083333333,20764.9109375,15534.5,598.5715277777781,1,700402,,
6985,951122,36,3161,0,54,0,941201,54,3,,54.0,0,,25,47,2,31,0,12,16,11,8,7,0,0,0,34054.0,36840.57361111111,6453.251388888889,9973.764,4580.63829787234,472.9736111111112,1,711009,0.0,771209.0
5125,951123,48,1522,0,39,1,950206,39,3,,39.0,0,,23,28,14,18,0,0,10,9,5,5,0,0,0,21545.7,23255.14901960784,2445.3274509803923,3179.5086956521745,1842.2499999999998,422.46470588235286,1,701218,0.0,770110.0
5805,951128,24,5746,1,11,1,950722,11,3,,,1,,9,3,6,3,0,0,0,3,0,0,0,0,0,35159.7,26886.19166666667,6363.316666666667,6195.533333333334,6866.666666666667,2929.9833333333336,1,680506,,
6185,951128,24,1299,0,1,1,950608,1,3,,,1,,12,11,7,9,0,0,2,5,1,1,0,0,0,50647.1,46304.15217391303,9027.317391304348,10761.475,7135.509090909091,2202.047826086957,1,680129,,
7243,951204,36,6032,0,72,1,950129,72,0,951122.0,,1,,21,36,1,30,0,10,6,10,6,6,0,0,0,42279.3,49107.06666666667,12666.78245614035,18197.285714285714,9440.655555555555,741.743859649123,1,740707,,
6403,951205,48,4060,0,74,1,940601,74,3,,,1,,37,76,1,62,0,18,14,18,14,14,0,0,0,31021.6,36421.425663716815,8187.9451327433635,12922.227027027027,5883.097368421051,274.3982300884955,1,791206,,
6578,951211,12,2332,0,52,2,940710,52,3,,,1,,30,46,14,36,0,0,10,16,10,9,0,0,0,18380.5,30639.86315789474,7289.584210526316,9539.813333333332,5822.04347826087,241.84736842105275,1,490216,,
5413,951212,24,3874,0,31,2,940522,31,3,,31.0,0,,50,59,34,48,0,0,11,16,11,11,0,0,0,21531.8,50436.46605504587,12039.466972477063,13338.338,10938.728813559323,197.54036697247702,0,701007,1.0,770223.0
6949,951212,24,4363,0,31,2,940522,31,3,,31.0,0,,50,58,34,47,0,0,11,16,11,11,0,0,0,30115.3,52379.12870370369,12019.660185185186,13282.385999999999,10931.103448275862,278.8453703703704,0,701007,1.0,770223.0
6545,951212,60,3198,0,21,1,950315,21,3,,,1,,35,52,26,36,0,0,16,9,8,8,0,0,0,78521.0,53685.786206896555,12113.755172413796,16177.39714285714,9378.611538461539,902.541379310345,1,490308,,
6178,951216,48,4845,0,74,0,950705,74,3,,,1,,14,13,9,13,0,0,0,5,0,3,0,0,0,41243.5,63188.63333333334,13066.725925925924,14073.042857142855,11983.0,1527.5407407407406,0,700129,,
5160,951218,60,3400,0,45,1,941217,45,3,,,1,,25,40,2,32,0,12,8,11,8,7,0,0,0,37992.7,37809.39846153847,7701.987692307692,10772.44,5782.955,584.5046153846155,1,440506,,
6785,951225,60,2089,0,1,2,940905,1,3,,,1,,57,70,29,57,0,0,13,28,13,13,0,0,0,19007.0,51145.51574803149,9686.672440944882,10958.024561403507,8651.42857142857,149.66456692913368,1,440615,,
6540,951231,48,6450,0,72,2,950117,72,3,,,1,,22,34,1,34,0,11,0,10,0,6,0,0,0,35488.1,58185.58928571428,16045.607142857143,21228.227272727276,12692.14705882353,633.7142857142859,1,750626,,
6589,960101,24,7904,0,19,2,950409,19,3,,19.0,0,,30,59,21,36,0,0,23,9,8,8,0,0,0,88632.1,54137.10561797753,11582.991011235956,18658.640000000003,7985.203389830508,995.8674157303373,1,450924,0.0,441113.0
5900,960101,48,2820,0,50,1,950103,50,2,951024.0,,1,,32,45,21,45,0,0,0,11,0,9,0,0,0,54868.9,64881.31428571429,14958.594805194805,18854.3875,12188.253333333334,712.5844155844151,1,750924,,
5999,960103,48,2059,0,42,1,940206,42,3,,,1,,50,127,27,72,0,0,55,23,18,19,0,0,0,27169.8,31814.268361581922,4382.094350282486,8028.006000000001,2946.696062992126,153.5022598870056,0,700910,,
6043,960111,48,424,0,58,1,950403,58,3,,58.0,0,,22,26,13,21,0,0,5,9,5,5,0,0,0,21281.5,31814.41458333333,3609.7416666666663,4421.572727272727,2922.8076923076924,443.3666666666666,0,480305,1.0,520527.0
5482,960112,60,2752,0,51,1,940521,51,3,,51.0,0,,50,66,31,51,0,0,15,19,15,15,0,0,0,23825.4,24377.371551724136,3217.270689655172,3959.4880000000003,2654.9848484848485,196.08103448275875,0,500318,1.0,531105.0
7263,960119,24,3745,0,70,2,950818,70,3,,,1,,13,16,8,16,0,0,0,5,0,2,0,0,0,39079.5,62571.28275862069,13517.224137931034,16579.961538461535,11028.75,1347.5689655172418,1,630516,,
6013,960203,36,3583,1,20,2,940801,20,3,,,1,,35,47,17,47,0,0,0,18,0,10,0,1,0,9710.2,34740.7024390244,7562.665853658535,8997.414285714283,6494.2361702127655,118.05365853658529,1,390815,,
5750,960208,12,5271,0,7,1,940407,7,3,,,1,,48,116,3,80,0,23,36,22,18,18,0,0,0,49709.2,49291.82256097561,9457.76036585366,16674.810416666664,6471.394827586207,303.1042682926828,0,490624,,
6027,960210,24,2569,1,13,2,950827,13,3,,,1,,9,3,6,3,0,0,0,3,0,0,0,0,0,59695.5,44763.458333333336,16007.958333333334,13988.388888888889,22066.666666666668,4974.625,0,531225,,
6303,960212,24,3017,1,31,0,951009,31,3,,,1,,9,4,5,4,0,0,0,4,0,0,0,0,0,36363.9,45099.26153846154,13997.223076923077,12129.322222222221,18200.0,2797.2230769230764,0,580613,,
7213,960213,36,3154,0,65,1,950220,65,3,,,1,,26,45,4,31,0,11,14,11,7,7,0,0,0,13386.8,33990.41971830985,6453.483098591549,9068.926923076924,4942.337777777778,188.5478873239438,1,420918,,
6659,960220,60,935,0,54,1,950111,54,3,,,1,,28,40,16,31,0,0,9,12,9,8,0,0,0,15407.2,20158.001470588235,3856.6014705882358,4958.146428571429,3085.52,226.57794117647074,1,580707,,
6175,960221,60,4845,1,52,1,950125,52,3,,,1,,42,58,29,58,0,0,0,13,0,12,0,1,0,11574.8,59647.42399999999,14274.571000000002,17131.333333333332,12205.881034482758,115.74900000000001,0,590227,,
5610,960224,48,2567,0,38,1,940812,38,3,,38.0,0,,48,80,30,58,0,0,22,18,11,10,0,0,0,77580.8,70622.83359375,12136.38203125,16989.97708333333,9224.225,606.1007812499996,0,770812,1.0,780129.0
5563,960229,60,6336,0,74,1,940730,74,3,,,1,,47,62,32,62,0,0,0,15,0,13,0,0,0,24549.6,64777.07522935778,15887.993577981651,18684.478723404252,13768.077419354837,225.22660550458707,1,491215,,
5989,960304,36,5925,0,47,1,950413,47,3,,,1,,27,32,17,27,0,0,5,10,5,6,0,0,0,27326.7,27951.913559322038,3730.201694915255,4581.640740740741,3011.8,463.1644067796611,1,640422,,
6698,960310,48,5161,0,1,2,950808,1,3,,,1,,23,27,11,21,0,0,6,12,3,3,0,0,0,52551.7,60054.734000000004,12112.076000000001,14307.730434782608,10241.703703703704,1051.0360000000003,1,790619,,
5312,960313,36,5633,0,31,2,950220,31,3,,,1,,26,53,1,44,0,13,9,12,9,8,0,0,0,81623.6,57124.26835443037,16141.211392405066,26091.91153846154,11259.735849056604,1033.2113924050632,0,530720,,
7189,960321,48,3222,0,71,1,941223,71,3,,,1,,32,57,3,47,0,15,10,14,10,10,0,0,0,37180.5,31791.328089887636,6653.895505617977,9834.021875,4868.561403508772,417.76067415730336,1,561128,,
6816,960326,48,2088,1,70,1,951122,70,3,,,1,,15,3,2,3,0,4,0,9,0,0,0,0,0,31387.1,28124.933333333334,4932.616666666667,4005.806666666667,9566.666666666666,1743.727777777778,0,570201,,
6137,960410,12,3719,0,13,2,940714,13,3,,,1,,43,103,2,87,0,21,16,20,16,16,0,0,0,80439.7,49477.32123287671,14238.080821917809,25106.97209302325,9700.582524271844,550.9575342465748,1,431126,,
5128,960411,48,4492,1,69,1,950613,69,3,,,1,,30,31,12,31,0,0,0,18,5,5,0,2,0,8640.6,21447.624590163938,5273.670491803278,5505.576666666669,5049.245161290321,141.65081967213118,1,570217,,
5470,960415,48,4187,0,65,1,950909,65,3,,,1,,17,18,2,15,0,8,3,7,3,3,0,0,0,47431.4,47938.06571428571,11032.888571428572,12752.429411764706,9408.877777777778,1355.1857142857143,1,550220,,
5593,960418,36,7719,1,44,1,940526,44,3,,,1,,46,71,26,71,0,0,0,20,13,15,0,0,0,11614.0,46487.002564102564,10720.307692307695,13759.673913043478,8751.14084507042,99.26495726495727,0,800917,,
5350,960421,48,5194,0,26,2,950213,26,3,,,1,,30,30,17,24,0,0,6,13,6,6,0,0,0,55426.5,35914.854999999996,9995.911666666665,10919.69,9072.133333333333,923.7783333333335,1,550521,,
6063,960425,48,6687,1,1,1,950818,1,3,,,1,,23,27,1,27,0,8,0,14,0,3,0,0,0,46462.2,49482.96800000001,15093.957999999999,17416.526086956525,13115.474074074074,929.2460000000003,1,360809,,
6501,960429,12,2523,1,21,1,950407,21,3,,,1,,58,34,9,34,0,13,0,36,8,8,0,0,0,24930.3,31318.872826086943,5028.0456521739125,4202.679310344827,6436.023529411765,270.98478260869564,0,390423,,
5452,960429,60,824,0,70,1,950121,70,3,,,1,,31,79,17,47,0,0,32,14,11,10,0,0,0,45021.6,47798.865454545434,5547.669999999999,10568.796774193546,3577.354430379746,409.2881818181818,0,661006,,
4961,960429,12,2523,1,21,1,950407,21,3,,,1,,46,34,9,34,0,13,0,24,8,8,0,0,0,15854.0,25197.0925,5856.300000000001,5264.765217391304,6656.611764705883,198.18,0,390423,,
4973,960502,24,6915,0,16,1,941019,16,3,,,1,,37,88,1,60,0,18,28,18,14,14,0,0,0,23689.2,52523.2448,12822.353600000002,21979.508108108108,8972.186363636363,189.51519999999942,0,440613,,
6190,960506,60,2060,0,70,1,950714,70,3,,70.0,0,,20,29,10,29,0,0,0,10,0,7,0,0,0,15520.2,39514.67755102041,9121.30612244898,11561.24,7438.593103448276,316.4408163265307,1,670630,0.0,610414.0
6715,960506,60,3677,0,20,1,941202,20,3,,,1,,54,74,3,50,0,17,24,34,12,13,0,0,0,26332.6,36907.45625,6331.021875,7748.148148148148,5296.902702702701,206.47812499999998,0,430815,,
5892,960514,24,2770,1,73,2,951227,73,3,,,1,,7,3,4,3,0,0,0,3,0,0,0,0,0,34891.2,34798.28,13609.12,12213.028571428571,16866.666666666668,3489.12,1,350721,,
6550,960518,48,6679,0,62,1,950208,62,0,960221.0,62.0,0,,30,58,1,57,1,15,0,14,0,10,0,0,0,69148.6,60781.30681818181,13875.417045454546,21503.09,9930.068965517241,785.7806818181815,0,701109,1.0,650509.0
5706,960524,36,4486,0,72,2,940830,72,3,,,1,,52,78,32,59,0,0,19,20,19,19,0,0,0,29371.5,33219.90000000001,6844.426923076923,8837.951923076924,5515.410256410257,225.9346153846154,1,710724,,
5148,960529,60,4738,0,37,1,941115,37,3,,37.0,0,,36,58,1,58,0,18,0,17,0,13,0,0,0,94617.3,64182.64148936169,14790.500000000002,20623.95,11169.737931034484,1006.5680851063825,0,580915,1.0,591001.0
6734,960530,36,4806,0,14,2,950717,14,3,,,1,,47,47,29,47,0,0,0,18,0,8,0,0,0,113931.6,61799.24361702125,13519.828723404255,14459.529787234045,12580.127659574468,939.7010638297875,0,450223,,
6109,960603,60,6148,0,66,1,941022,66,3,,66.0,0,,58,124,38,76,0,0,48,20,16,17,0,0,0,105712.4,60030.74340659339,11574.082967032966,19070.65344827586,8067.622580645162,580.8390109890114,1,740804,0.0,780909.0
6961,960606,36,4893,0,38,1,960123,38,3,,,1,,9,4,1,4,0,4,0,4,0,0,0,0,0,53592.6,47154.5,17599.438461538462,15688.077777777777,21900.0,4122.5153846153835,0,631120,,
6810,960608,48,3883,0,40,2,940902,40,3,,,1,,82,108,40,89,0,0,19,42,19,20,0,0,0,21003.8,61578.301578947365,11952.684210526315,13975.69512195122,10416.694444444445,110.54736842105264,1,590129,,
5494,960613,48,7500,0,64,0,941113,64,3,,,1,,57,79,2,79,0,19,0,36,0,14,0,6,0,64765.2,51149.655147058824,14897.402205882354,18340.457894736843,12413.172151898736,476.21691176470677,0,730307,,
5311,960615,60,501,0,28,1,940903,28,0,960101.0,,1,,45,141,24,65,8,0,68,21,17,17,0,0,0,48523.3,37213.407526881725,4858.978494623656,10581.039999999999,3032.7886524822698,260.8795698924733,1,510906,,
5445,960629,24,1930,0,33,1,950102,33,3,,,1,,48,130,31,66,0,0,64,17,16,16,0,0,0,23552.7,43657.81348314607,8064.270224719102,15197.84375,5430.335384615385,132.31966292134845,1,790214,,
5301,960706,36,3943,0,68,1,960314,68,3,,,1,,7,3,4,3,0,0,0,3,0,0,0,0,0,47239.7,32592.68,8963.98,9777.114285714286,7066.666666666667,4723.979999999999,0,500926,,
7034,960711,36,529,0,24,1,950528,24,3,,,1,,29,40,16,40,0,0,0,13,0,9,0,0,0,50167.6,43121.75507246376,6600.440579710145,8717.206896551725,5065.785,727.0666666666664,0,740405,,
6751,960714,36,2381,0,17,1,960212,17,3,,17.0,0,,15,4,2,4,0,5,0,8,0,0,0,0,0,52416.9,31337.257894736842,7206.1578947368425,5781.133333333332,12550.0,1921.9473684210527,1,380503,0.0,430428.0
6667,960715,24,6495,0,37,1,941013,37,3,,37.0,0,,51,91,33,75,0,0,16,18,16,16,0,0,0,44564.6,63263.1471830986,12237.18309859155,17472.988235294117,9302.83076923077,313.83661971830935,0,681030,1.0,680417.0
6130,960718,48,680,0,43,1,950324,43,3,,,1,,39,68,24,46,0,0,22,15,11,11,0,0,0,18800.0,25906.40934579439,2772.759813084112,4044.684615384616,2043.2735294117647,175.70186915887854,1,421015,,
5429,960718,36,561,0,1,1,950211,1,3,,,1,,34,62,18,49,0,0,13,16,13,12,0,0,0,65684.6,52636.598958333336,8501.322916666666,12967.817647058824,6051.954838709677,684.214583333333,1,710225,,
5725,960723,48,9268,0,64,1,950815,64,3,,64.0,0,,27,37,17,25,0,0,12,10,6,6,0,0,0,41743.9,32404.7734375,6433.1765625,8397.544444444446,4999.718918918919,652.2515625000001,1,640329,0.0,651030.0
6019,960725,12,950,0,54,1,950803,54,3,,,1,,29,48,18,25,0,0,23,11,8,7,0,0,0,27820.2,27533.66363636364,2434.2441558441556,3711.3310344827582,1662.6708333333333,361.30389610389614,0,800430,,
6421,960725,36,2688,0,38,1,950727,38,3,,38.0,0,,28,38,17,31,0,0,7,11,7,7,0,0,0,37396.4,51611.342424242415,13244.225757575758,16277.060714285713,11009.505263157893,566.6136363636359,0,680106,1.0,610911.0
6992,960727,48,2791,0,52,1,951109,52,0,960531.0,52.0,0,,23,56,15,32,0,0,24,8,8,7,0,0,0,34729.5,46772.315189873414,9939.87341772152,17825.64347826087,6701.075,439.61518987341753,1,430530,0.0,360930.0
5136,960728,24,7796,0,72,1,960309,72,3,,,1,,16,9,12,9,0,0,0,4,0,2,0,0,0,86877.7,66292.372,19621.448,18044.1875,22425.466666666667,3475.1119999999996,0,770510,,
5337,960731,36,4513,0,32,1,960305,32,3,,32.0,0,,10,5,1,5,0,5,0,4,0,0,0,0,0,74638.8,51279.553333333344,15082.586666666666,15043.88,15160.0,4975.919999999999,0,570823,1.0,540821.0
5495,960802,60,1489,0,60,1,951109,60,3,,60.0,0,,20,24,11,19,0,0,5,9,5,5,0,0,0,41537.2,39644.76363636364,4662.468181818182,6166.78,3408.875,943.6954545454545,0,711112,1.0,710224.0
7013,960802,60,1489,0,60,1,951109,60,3,,60.0,0,,20,24,11,19,0,0,5,9,5,5,0,0,0,42242.2,40005.48181818182,4646.670454545455,6167.025,3379.7083333333335,959.7159090909095,0,711112,1.0,710224.0
6012,960803,36,7179,0,1,2,960111,1,3,,,1,,12,4,7,4,0,0,0,5,0,0,0,0,0,53892.1,40688.1375,8680.756249999999,8032.674999999999,10625.0,3368.2562499999995,1,660527,,
6471,960804,24,6485,0,5,1,950619,5,3,,,1,,27,78,14,42,0,0,36,13,9,9,0,0,0,40509.2,45183.34952380952,5793.88,12015.77777777778,3640.1461538461535,385.662857142857,0,430107,,
6296,960806,48,5633,0,3,1,950527,3,3,,,1,,32,55,3,45,0,15,10,14,10,10,0,0,0,57835.1,47654.244827586204,12403.506896551726,17764.690625,9284.272727272726,664.7712643678159,1,620407,,
7305,960806,12,4502,0,61,1,941001,61,0,950613.0,,1,,45,102,1,66,2,22,34,22,17,18,0,0,0,25682.6,36480.185034013615,8708.722448979592,14509.608888888886,6149.507843137256,174.71156462585057,1,680413,,
6144,960809,12,3698,0,15,1,960227,15,3,,,1,,18,21,13,17,0,0,4,5,4,3,0,0,0,68241.5,53505.21538461538,15332.38717948718,18505.683333333334,12612.41904761905,1749.7820512820513,1,620523,,
6283,960811,48,1784,0,64,1,950405,64,3,,,1,,38,47,23,47,0,0,0,15,0,10,0,0,0,117238.7,65066.73529411766,15232.292941176469,18351.10263157895,12710.702127659575,1175.7517647058817,0,490407,,
7246,960820,60,2482,0,59,2,960201,59,3,,,1,,16,15,3,12,0,7,3,6,3,2,0,0,0,15278.6,32435.319354838703,7832.083870967742,8064.7875,7583.866666666667,492.8580645161292,1,770803,,
5088,960822,24,3798,0,32,1,950515,32,0,960808.0,,1,,31,46,2,45,1,15,0,14,0,10,0,0,0,39378.8,44829.544155844145,9452.944155844156,12375.087096774192,7483.673913043478,511.41168831168847,1,421210,,
5988,960822,24,5902,0,52,1,960204,52,3,,52.0,0,,13,5,8,5,0,0,0,5,0,0,0,0,0,123310.1,45100.42222222222,14106.122222222222,13177.707692307693,16520.0,4928.344444444445,1,520717,0.0,450129.0
5282,960824,48,8094,1,69,0,941117,69,3,,,1,,54,66,33,66,0,0,0,21,0,20,0,4,0,38697.3,21371.320000000003,7319.423333333334,8491.0,6360.860606060607,322.47666666666663,0,690313,,
5938,960825,60,6700,0,4,1,951015,4,3,,,1,,29,25,20,14,0,0,11,9,5,5,0,0,0,17232.1,21568.935185185193,3029.8888888888887,3118.0344827586205,2927.64,319.1111111111111,1,800806,,
5606,960828,36,7042,1,59,2,960128,59,3,,,1,,14,15,8,15,0,0,0,6,2,2,0,0,0,13318.4,37095.84482758621,11379.258620689656,12261.32142857143,10556.0,459.2586206896552,0,450807,,
5385,960909,36,1985,0,1,1,960113,1,3,,1.0,0,,16,15,9,12,0,0,3,7,3,3,0,0,0,49663.5,49220.9806451613,10132.919354838708,11367.793749999999,8815.720000000001,1601.5774193548389,0,800831,1.0,770610.0
6865,960911,12,2454,1,72,1,960515,72,3,,,1,,9,2,1,2,0,4,0,4,0,0,0,0,0,43790.6,28977.436363636363,8271.872727272728,7487.844444444445,11800.0,3980.963636363637,1,471021,,
5586,960914,36,1354,0,77,1,960503,77,3,,,1,,11,3,7,3,0,0,0,4,0,0,0,0,0,62891.3,42930.20714285715,11392.235714285713,10108.3,16100.0,4492.235714285714,0,640414,,
6302,960916,60,3017,0,48,1,950315,48,3,,48.0,0,,37,56,2,56,0,18,0,17,0,13,0,0,0,42526.0,34005.90645161291,7273.759139784946,9716.021621621621,5660.121428571429,457.26881720430094,0,660614,1.0,680223.0
7194,960917,36,1912,0,1,1,951023,1,3,,,1,,24,29,14,23,0,0,6,10,6,6,0,0,0,51540.7,37557.05471698113,7828.981132075471,9718.266666666666,6265.434482758621,972.4679245283018,1,590701,,
6461,960919,36,2059,0,12,2,950409,12,3,,,1,,39,83,24,50,0,0,33,15,11,11,0,0,0,25658.0,54371.29918032787,9023.625409836064,14442.828205128204,6477.253012048192,210.31393442622942,0,390413,,
6732,960919,48,3626,0,47,1,951010,47,3,,,1,,38,31,22,31,0,0,0,16,0,6,0,0,0,54140.4,72968.38115942031,13503.126086956521,12971.792105263157,14154.438709677419,784.6449275362314,0,520216,,
6613,960922,24,3505,0,69,2,960609,69,3,,,1,,12,7,9,7,0,0,0,3,0,1,0,0,0,63952.9,56910.6894736842,14769.1,14356.908333333333,15475.714285714286,3365.9421052631574,0,500302,,
7036,960925,36,5415,0,8,1,950615,8,3,,,1,,38,53,23,53,0,0,0,15,0,12,0,0,0,34212.3,56669.787912087915,12668.317582417583,15618.807894736843,10552.871698113207,375.9615384615387,1,641030,,
5897,960925,24,633,0,24,1,941110,24,3,,,1,,47,122,26,68,0,0,54,21,18,17,0,0,0,17351.9,29941.905325443786,4099.694674556213,7555.323404255319,2768.4278688524587,102.67455621301775,0,721227,,
6995,960926,12,8014,0,64,2,950119,64,3,,,1,,84,65,27,65,0,0,0,57,0,16,0,0,0,3609.3,50492.688590604026,8240.561744966444,7330.079761904762,9417.184615384615,24.22617449664398,0,720812,,
5415,960926,36,3874,1,73,1,950827,73,3,,,1,,19,12,7,12,0,0,0,12,0,0,0,0,0,65062.8,31532.74838709678,8131.070967741934,7729.642105263159,8766.666666666666,1343.974193548387,1,580812,,
7136,960928,36,1511,0,60,1,960321,60,3,,,1,,14,9,9,9,0,0,0,5,0,1,0,0,0,36208.8,30293.70869565218,3853.8260869565224,4458.814285714286,2912.733333333333,1574.2956521739131,1,390727,,
7271,961002,60,6541,0,12,1,941124,12,3,,12.0,0,,46,97,2,79,0,22,18,22,18,18,0,0,0,53245.1,57131.740559440565,12882.523076923075,20602.67391304348,9221.4206185567,372.34405594405644,0,801113,1.0,790720.0
5375,961003,12,8460,0,1,1,960201,1,3,,,1,,18,20,10,16,0,0,4,8,4,4,0,0,0,16735.4,26449.09210526316,5370.042105263157,6132.844444444444,4683.52,440.02105263157904,0,761012,,
5635,961004,36,2144,0,1,1,950311,1,3,,,1,,36,41,20,41,0,0,0,16,0,9,0,0,0,22446.0,50722.27012987013,14561.257142857143,15884.205555555556,13399.643902439026,291.50649350649377,0,541209,,
6817,961004,48,1472,0,1,1,960105,1,3,,,1,,29,24,11,20,0,0,4,18,4,5,0,0,0,22476.1,32646.85094339623,5188.33962264151,5128.586206896551,5260.541666666667,424.07547169811323,1,520726,,
5923,961010,48,1347,0,27,1,960608,27,3,,27.0,0,,9,3,6,3,0,0,0,3,0,0,0,0,0,44749.0,25896.466666666664,6379.075,6738.766666666666,5300.0,3729.0750000000003,1,470319,0.0,411128.0
5329,961016,60,6602,0,19,2,950415,19,3,,,1,,36,59,1,59,0,18,0,17,0,13,0,0,0,88610.1,58855.27789473683,15418.108421052631,21574.036111111112,11661.949152542373,932.7399999999999,0,500102,,
6644,961020,24,3900,0,9,1,951217,9,3,,,1,,21,34,11,19,0,0,15,10,5,4,0,0,0,26235.8,40078.70727272726,7856.412727272727,10912.82380952381,5968.629411764706,477.0163636363637,1,720623,,
6354,961023,36,638,0,16,1,960625,16,3,,,1,,10,1,7,1,0,0,0,3,0,0,0,0,0,38831.0,23324.936363636363,4184.636363636364,4243.1,3600.0,3530.090909090909,0,500727,,
5082,961024,60,4383,0,13,1,951021,13,3,,,1,,24,32,13,32,0,0,0,11,0,10,0,0,0,76081.3,41729.61607142857,7310.239285714285,10113.641666666668,5207.6875,1358.596428571429,0,660309,,
6585,961029,60,6202,0,64,1,950105,64,3,,64.0,0,,71,101,50,101,0,0,0,21,0,20,0,0,0,46580.5,64044.04593023256,15182.096511627908,18717.614084507044,12696.732673267326,270.81744186046296,1,450126,0.0,370903.0
6921,961029,12,7182,0,70,1,960306,70,3,,,1,,16,26,1,20,0,8,6,7,3,3,0,0,0,43157.5,59935.27142857144,16523.602380952383,23035.90625,12516.03076923077,1027.5642857142852,0,401204,,
5366,961029,12,7182,0,70,1,960306,70,3,,,1,,16,26,1,20,0,8,6,7,3,3,0,0,0,39660.8,60273.67857142856,16607.01428571429,23036.1125,12650.646153846155,944.3095238095236,0,401204,,
5886,961031,36,5354,0,62,1,960616,62,3,,62.0,0,,13,13,9,13,0,0,0,4,0,2,0,0,0,36199.1,62590.42307692308,15435.057692307691,16504.253846153846,14365.861538461539,1069.1961538461542,1,640314,0.0,710501.0
5741,961103,24,2856,0,37,2,960219,37,3,,37.0,0,,17,37,1,22,0,8,15,8,3,4,0,0,0,23759.8,44948.625925925924,8948.183333333332,14909.75882352941,6209.081081081081,439.44259259259246,1,760916,0.0,840918.0
4996,961106,12,7370,0,40,0,960511,40,3,,40.0,0,,16,15,10,15,0,0,0,6,0,4,0,0,0,78907.6,62778.09032258067,14850.767741935484,16852.55,12715.533333333333,2545.412903225806,0,450703,1.0,380910.0
6015,961109,24,4588,0,53,1,951215,53,3,,,1,,37,45,27,39,0,0,6,10,6,7,0,0,0,106858.1,76232.70000000001,17234.715853658538,20541.95945945946,14515.426666666668,1303.1499999999994,1,631012,,
6309,961111,24,4589,0,1,1,950508,1,3,,,1,,29,34,17,28,0,0,6,12,6,6,0,0,0,40746.5,50815.80476190477,11660.536507936507,13368.28275862069,10203.929411764706,646.7714285714284,0,580224,,
6073,961112,60,4605,0,64,1,950714,64,3,,,1,,45,47,30,36,0,0,11,15,11,11,0,0,0,27578.1,25997.563043478265,3104.7760869565213,3480.195555555556,2745.3319148936175,299.763043478261,1,760706,,
6006,961115,60,5996,0,43,1,950729,43,3,,,1,,25,23,17,19,0,0,4,8,4,4,0,0,0,39959.4,32434.693750000002,8082.339583333334,8558.236,7565.060869565218,832.4895833333334,1,790531,,
5611,961115,60,5353,0,14,1,960327,14,3,,14.0,0,,17,21,2,17,0,8,4,7,4,3,0,0,0,51906.5,40524.46315789474,13585.02894736842,16276.9,11405.89523809524,978.513157894737,1,360907,0.0,440304.0
6944,961115,48,962,0,62,1,960607,62,3,,,1,,11,6,7,5,0,0,1,4,1,0,0,0,0,38725.1,33613.105882352946,8573.594117647057,8385.281818181818,8918.833333333334,2277.9470588235295,1,661103,,
7101,961118,48,8771,0,14,1,960119,14,3,,,1,,22,28,13,22,0,0,6,9,6,5,0,0,0,31168.0,37436.422,8521.962,10392.413636363637,7052.321428571428,623.362,1,530601,,
6599,961119,12,6010,0,52,1,950314,52,3,,52.0,0,,40,62,1,62,0,20,0,19,0,15,0,0,0,98631.7,75686.06568627452,14376.881372549024,19563.4225,11030.725806451614,966.9794117647056,0,521110,1.0,590203.0
6940,961122,36,6341,0,1,1,960609,1,3,,1.0,0,,13,7,8,7,0,0,0,5,0,1,0,0,0,53707.9,41402.135,7186.860000000001,7594.046153846154,6430.657142857142,2685.4,1,610803,0.0,670619.0
5209,961125,48,3805,0,62,1,960328,62,3,,,1,,17,23,2,16,0,8,7,7,3,3,0,0,0,23898.3,37802.229999999996,9227.6,11558.89411764706,7504.469565217392,597.4599999999999,0,420419,,
5388,961128,12,5130,0,31,2,960107,31,3,,,1,,22,49,1,29,0,11,20,10,7,6,0,0,0,20051.1,32967.71267605635,9739.39718309859,16171.554545454546,6851.489795918367,282.4112676056338,1,430104,,
6011,961128,48,3736,0,54,1,960122,54,3,,,1,,21,31,12,25,0,0,6,9,6,5,0,0,0,36074.7,44093.97115384616,8935.784615384615,11922.27619047619,6912.677419354839,693.7461538461538,1,731121,,
5591,961204,48,3242,0,10,1,960420,10,3,,,1,,16,14,2,14,0,7,0,7,0,3,0,0,0,24447.1,39426.07,9151.153333333332,9343.175,8931.7,814.9000000000002,0,591025,,
7154,961205,60,6960,0,55,0,951024,55,1,960717.0,,1,,21,13,8,9,4,0,0,13,0,1,0,0,0,58638.6,43196.74411764707,8159.970588235294,8001.857142857141,8415.384615384615,1724.6764705882354,1,701012,,
7130,961211,24,5142,0,39,0,951123,39,1,960703.0,,1,,25,40,13,16,0,0,24,12,6,6,0,0,0,8357.1,28359.255384615386,5789.864615384616,7693.967999999999,4599.8,128.5723076923077,1,641014,,
6818,961212,48,3242,0,72,1,950121,72,3,,72.0,0,,70,102,26,66,0,0,36,44,18,18,0,0,0,60694.1,44197.50988372093,4895.974418604652,6448.582857142857,3830.458823529411,352.8720930232561,0,710410,1.0,790610.0
5625,961215,60,3703,1,29,1,951129,29,3,,,1,,28,31,16,31,0,0,0,12,0,6,0,0,0,59578.8,55230.444067796605,11725.494915254236,13417.557142857142,10197.18064516129,1009.8135593220339,1,390320,,
6805,961221,48,938,0,70,1,960521,70,3,,,1,,20,19,8,13,0,0,6,12,3,2,0,0,0,38384.3,41994.907692307694,7779.8153846153855,8544.93,6974.431578947369,984.215384615385,0,570504,,
7233,961225,36,3217,0,16,1,950520,16,3,,,1,,51,73,32,73,0,0,0,19,0,17,0,0,0,41878.1,56646.51612903225,13280.084677419352,16554.9862745098,10992.139726027397,337.7266129032257,1,530601,,
7308,961227,24,5392,0,67,1,951014,67,3,,,1,,29,78,16,38,0,0,40,13,10,9,0,0,0,24199.5,30869.781308411217,4550.302803738317,8811.758620689654,2965.915384615384,226.16448598130853,0,621019,,
