Id,loan_date,loan_duration,loan_payments,Predicted,account_frequency,account_district_region,account_district_no_inhabitants,account_district_no_municipalities_0_499,account_district_no_municipalities_500_1999,account_district_no_municipalities_2000_9999,account_district_no_municipalities_10000_plus,account_district_no_cities,account_district_ratio_urban_inhabitants,account_district_average_salary,account_district_unemployment_rate_95,account_district_unemployment_rate_96,account_district_no_enterpreneurs_per_1000_inhabitants,account_district_no_crimes_95,account_district_no_crimes_96,owner_card_type,owner_card_issued,owner_district_region,owner_district_no_inhabitants,owner_district_no_municipalities_0_499,owner_district_no_municipalities_500_1999,owner_district_no_municipalities_2000_9999,owner_district_no_municipalities_10000_plus,owner_district_no_cities,owner_district_ratio_urban_inhabitants,owner_district_average_salary,owner_district_unemployment_rate_95,owner_district_unemployment_rate_96,owner_district_no_enterpreneurs_per_1000_inhabitants,owner_district_no_crimes_95,owner_district_no_crimes_96,count_trans_credits,count_trans_withdrawals,count_trans_credit_cash,count_trans_withdrawal_cash,count_trans_withdrawal_card,count_trans_collection_other_bank,count_trans_remittance_other_bank,count_trans_ksymbol_interest_credited,count_trans_ksymbol_household,count_trans_ksymbol_payment_for_statement,count_trans_ksymbol_insurance_payment,count_trans_ksymbol_sanction_interest_if_negative_balance,count_trans_ksymbol_oldage_pension,last_trans_balance,mean_trans_balance,mean_trans_amount_absolute,mean_trans_amount_credit,mean_trans_amount_withdrawal,mean_trans_amount_signed,owner_male,owner_age,account_age_months,has_disponent
5895,970103,60,1566,,2,3,77917,85,19,6,1,5,53.5,8390,2.28,2.89,132,2080,2122,0,,3,77917,85,19,6,1,5,53.5,8390,2.28,2.89,132,2080,2122,30,59,16,40,0,0,19,14,9,10,0,0,0,49548.5,54520.20224719101,8051.737078651685,12769.22,5653.016949152542,556.7258426966291,1,34,14,0
7122,970104,36,7240,,2,7,58400,65,16,4,1,6,52.4,8620,1.10,1.25,100,1089,1117,0,,7,58400,65,16,4,1,6,52.4,8620,1.10,1.25,100,1089,1117,29,49,14,26,0,0,23,15,6,7,0,1,0,11565.4,31518.182051282052,6935.733333333333,9526.772413793104,5402.2612244897955,148.2769230769229,0,47,16,0
6173,970108,48,4845,,0,6,177686,69,27,10,1,9,74.8,10045,1.42,1.71,135,6604,6295,0,,6,177686,69,27,10,1,9,74.8,10045,1.42,1.71,135,6604,6295,43,133,3,72,0,20,61,20,16,16,0,0,0,45754.0,40175.6125,7217.385795454545,15302.486046511629,4603.4060150375935,259.9653409090907,0,57,20,0
6142,970121,60,3698,,2,2,81344,61,23,4,2,6,55.3,8899,3.39,3.97,149,2987,2487,0,,2,81344,61,23,4,2,6,55.3,8899,3.39,3.97,149,2987,2487,21,50,2,26,0,10,24,9,6,5,0,0,0,38913.4,44440.91267605633,6430.80985915493,11797.642857142857,4176.74,548.0774647887326,0,53,10,1
5358,970121,12,3210,,2,3,95907,87,25,5,2,7,59.1,8388,2.41,2.94,87,1658,1668,0,,3,95907,87,25,5,2,7,59.1,8388,2.41,2.94,87,1658,1668,52,62,33,46,0,0,16,19,16,15,0,0,0,18914.3,20231.313157894736,2373.2666666666664,2736.026923076923,2069.016129032258,122.75789473684215,1,57,19,0
6095,970124,60,1139,,2,2,149893,63,29,6,2,6,67.4,9753,4.64,5.05,109,5244,5892,0,,2,149893,63,29,6,2,6,67.4,9753,4.64,5.05,109,5244,5892,40,74,21,59,0,0,15,19,15,15,0,0,0,46156.7,41735.4201754386,9042.847368421053,13463.015,6653.5675675675675,404.8824561403504,1,43,20,0
6878,970124,12,1932,,2,0,161954,21,37,20,3,8,48.0,8720,3.73,4.5,116,3729,3651,0,,0,161954,21,37,20,3,8,48.0,8720,3.73,4.5,116,3729,3651,33,25,15,25,0,0,0,18,0,5,0,0,0,44101.4,36729.80172413793,2701.5034482758624,3018.0060606060606,2283.72,732.7793103448275,0,17,10,0
6554,970129,48,8127,,2,3,112709,48,20,7,3,10,73.5,8369,1.79,2.31,117,2854,2618,0,,3,112709,48,20,7,3,10,73.5,8369,1.79,2.31,117,2854,2618,10,6,6,6,0,0,0,4,0,0,0,0,0,44278.0,44346.15625,13992.375,13407.8,14966.666666666666,2767.375,1,18,5,1
6793,970130,60,3105,,1,0,86513,38,36,5,1,5,50.5,8288,3.79,4.52,110,1562,1460,0,,0,86513,38,36,5,1,5,50.5,8288,3.79,4.52,110,1562,1460,54,65,31,47,0,0,18,23,9,9,0,0,0,26264.0,62765.8655462185,12880.9243697479,14436.055555555555,11588.969230769231,220.70588235294093,1,49,12,0
7286,970131,36,1870,,2,2,95616,65,30,4,1,6,51.4,9307,3.85,4.43,118,2616,3040,0,,2,95616,65,30,4,1,6,51.4,9307,3.85,4.43,118,2616,3040,38,73,7,37,0,16,36,15,12,11,0,0,0,19757.5,26491.78018018018,3749.4684684684685,5736.168421052632,2715.2958904109587,177.99819819819817,1,25,16,0
6076,970202,60,1957,,2,3,75685,31,28,5,1,9,60.8,8208,1.89,2.26,155,1660,2123,0,,3,75685,31,28,5,1,9,60.8,8208,1.89,2.26,155,1660,2123,17,26,10,22,0,0,4,7,2,3,0,0,0,24554.4,40841.79534883721,6893.93953488372,9440.564705882352,5228.838461538462,570.693023255814,1,30,6,0
5134,970202,12,4423,,2,6,51428,50,11,3,1,4,52.7,8402,3.13,3.98,120,999,1099,0,,6,51428,50,11,3,1,4,52.7,8402,3.13,3.98,120,999,1099,26,39,15,33,0,0,6,11,6,7,0,0,0,21065.7,33129.40307692308,5937.387692307693,7826.846153846155,4677.748717948717,324.0892307692309,1,48,10,0
5419,970205,60,6930,,2,4,1204953,0,0,0,1,1,100.0,12541,0.29,0.43,167,85677,99107,0,,4,1204953,0,0,0,1,1,100.0,12541,0.29,0.43,167,85677,99107,18,19,10,19,0,0,0,8,0,5,0,0,0,13495.0,44265.27297297297,12449.364864864865,13169.638888888889,11767.000000000002,364.3378378378378,0,47,9,0
6255,970208,48,5165,,2,1,106054,38,25,6,2,6,63.1,8110,5.77,6.55,109,3244,3079,0,,1,106054,38,25,6,2,6,63.1,8110,5.77,6.55,109,3244,3079,10,5,6,5,0,0,0,4,0,0,0,0,0,23990.1,23594.146666666664,3079.3333333333335,3509.0,2220.0,1599.3333333333333,0,39,8,0
5656,970209,24,6086,,2,1,323870,0,0,0,1,1,100.0,10673,4.75,5.44,100,18782,18347,0,,1,323870,0,0,0,1,1,100.0,10673,4.75,5.44,100,18782,18347,12,10,7,9,0,0,1,5,0,1,0,0,0,45020.6,44355.04090909091,11676.26818181818,12579.108333333332,10592.86,2046.3954545454546,0,43,5,0
6934,970209,12,9736,,2,6,103347,87,16,7,1,7,67.0,9104,1.51,2.07,123,2299,2354,0,,6,103347,87,16,7,1,7,67.0,9104,1.51,2.07,123,2299,2354,23,23,14,18,0,0,5,9,5,5,0,0,0,20739.0,23391.68913043478,5315.328260869565,5766.178260869567,4864.478260869565,450.85000000000014,0,48,8,1
6028,970209,60,5292,,2,2,77963,60,23,4,2,4,51.5,8546,2.95,4.02,126,2640,3120,0,,2,77963,60,23,4,2,4,51.5,8546,2.95,4.02,126,2640,3120,21,52,11,30,0,0,22,10,5,6,0,0,0,38678.7,56757.3095890411,6783.86301369863,12711.92380952381,4389.838461538462,529.8465753424656,0,28,9,0
6490,970210,60,1221,,2,1,285387,0,2,8,5,7,89.9,10177,6.63,7.75,81,9878,10108,0,,1,285387,0,2,8,5,7,89.9,10177,6.63,7.75,81,9878,10108,12,9,7,8,0,0,1,5,1,1,0,0,0,28038.0,33927.08571428571,8085.104761904762,8242.716666666665,7874.955555555556,1335.142857142857,0,56,5,0
6415,970212,48,9910,,2,5,159617,29,19,8,1,9,85.2,9198,3.33,4.28,131,5796,6132,0,,5,159617,29,19,8,1,9,85.2,9198,3.33,4.28,131,5796,6132,8,4,5,4,0,0,0,3,0,0,0,0,0,46505.3,40812.49166666666,13358.783333333335,12925.675,14225.0,3875.4499999999994,0,30,4,1
7087,970220,24,1846,,2,5,85852,41,23,4,2,4,59.8,8965,7.08,8.23,104,2653,2822,0,,5,85852,41,23,4,2,4,59.8,8965,7.08,8.23,104,2653,2822,21,42,12,30,0,0,12,9,6,5,0,0,0,46446.1,42830.995238095245,4556.826984126984,7941.1,2864.690476190476,737.2396825396826,1,30,10,0
5420,970224,24,3021,,2,7,122603,25,21,6,2,8,80.0,8991,1.39,2.01,128,5198,5273,0,,7,122603,25,21,6,2,8,80.0,8991,1.39,2.01,128,5198,5273,26,73,16,37,0,0,36,10,9,9,0,0,0,17104.4,45374.64242424244,7489.000000000001,14586.830769230768,4961.005479452055,172.7696969696971,0,46,10,0
5977,970225,48,1232,,2,7,170449,0,0,0,1,1,100.0,10787,2.64,3.09,131,6041,6261,0,,7,170449,0,0,0,1,1,100.0,10787,2.64,3.09,131,6041,6261,23,21,15,21,0,0,0,8,0,4,0,0,0,22740.4,23023.65909090909,2346.759090909091,2739.086956521739,1917.0666666666668,516.8318181818182,0,17,8,0
6824,970226,24,2999,,0,3,161854,73,21,6,1,6,76.3,9425,1.72,2.5,125,4085,3891,0,,3,161854,73,21,6,1,6,76.3,9425,1.72,2.5,125,4085,3891,60,73,27,73,0,0,0,33,13,14,0,3,0,85375.5,39870.4112781955,10085.172932330826,11889.195000000002,8602.415068493152,641.920300751879,1,31,17,0
5207,970228,48,748,,2,1,228848,15,40,18,2,6,57.2,9893,4.09,4.72,96,5623,5887,0,,1,228848,15,40,18,2,6,57.2,9893,4.09,4.72,96,5623,5887,24,35,16,17,0,0,18,8,5,4,0,0,0,17662.3,22981.05593220339,1997.5101694915256,2823.2375000000006,1431.297142857143,299.36101694915254,1,51,9,0
7115,970304,48,1848,,2,7,87419,21,11,4,3,9,85.5,8624,1.79,2.66,102,2879,3198,0,,7,87419,21,11,4,3,9,85.5,8624,1.79,2.66,102,2879,3198,55,76,33,58,0,0,18,22,18,18,0,0,0,13445.7,18675.060305343515,2751.425954198473,3398.7999999999993,2282.931578947368,102.52824427480925,0,36,22,1
7250,970304,48,2482,,2,5,114006,71,26,6,2,9,62.3,9065,4.46,5.39,123,4147,4166,0,,5,114006,71,26,6,2,9,62.3,9065,4.46,5.39,123,4147,4166,44,75,23,75,0,0,0,21,0,19,0,0,0,45706.4,42572.4100840336,6722.079831932773,9609.479545454547,5028.138666666666,384.0899159663865,0,33,21,0
6010,970306,60,2503,,1,0,110643,49,41,4,1,4,51.9,8441,3.45,4.48,115,1879,2252,0,,0,110643,49,41,4,1,4,51.9,8441,3.45,4.48,115,1879,2252,12,4,9,3,0,0,1,3,1,0,0,0,0,79230.1,50892.0,14390.512499999999,12894.933333333334,18877.25,4951.887500000001,1,59,6,0
6088,970307,36,2505,,2,7,72541,66,26,10,0,8,36.9,8594,1.62,2.01,112,1580,1525,0,,7,72541,66,26,10,0,8,36.9,8594,1.62,2.01,112,1580,1525,10,3,2,3,0,4,0,4,0,0,0,0,0,36566.0,31516.346153846152,8520.461538461539,7366.600000000001,12366.666666666666,2812.769230769232,1,36,4,0
5682,970307,12,5622,,2,5,125236,28,11,1,4,5,87.7,9675,6.43,7.68,100,5323,5190,0,,5,125236,28,11,1,4,5,87.7,9675,6.43,7.68,100,5323,5190,24,33,1,33,0,12,0,11,0,7,0,0,0,59310.8,46016.19824561403,14432.868421052632,18374.67916666667,11566.096969696968,1040.5456140350877,1,61,11,0
7201,970307,12,5622,,2,5,125236,28,11,1,4,5,87.7,9675,6.43,7.68,100,5323,5190,0,,5,125236,28,11,1,4,5,87.7,9675,6.43,7.68,100,5323,5190,24,33,1,33,0,12,0,11,0,7,0,0,0,64497.2,48557.38070175439,14344.908771929826,18378.274999999998,11411.551515151514,1131.533333333333,1,61,11,0
6938,970310,60,5688,,2,2,81344,61,23,4,2,6,55.3,8899,3.39,3.97,149,2987,2487,1,970102.0,2,81344,61,23,4,2,6,55.3,8899,3.39,3.97,149,2987,2487,28,49,1,46,3,14,0,13,0,9,0,0,0,68367.1,49678.36623376624,13641.946753246752,19978.51785714286,10021.048979591837,887.8844155844153,1,47,13,0
6875,970313,48,1735,,2,5,114006,71,26,6,2,9,62.3,9065,4.46,5.39,123,4147,4166,0,,5,114006,71,26,6,2,9,62.3,9065,4.46,5.39,123,4147,4166,63,76,23,76,0,0,0,40,0,16,0,0,0,41045.9,39962.46618705036,4958.80143884892,5796.1873015873025,4264.652631578947,295.2964028776979,0,55,20,0
5953,970314,24,4049,,2,2,112065,95,19,7,1,8,69.4,11277,1.25,1.44,127,5179,4987,0,,2,112065,95,19,7,1,8,69.4,11277,1.25,1.44,127,5179,4987,10,6,1,6,0,5,0,4,0,0,0,0,0,91941.4,66376.84999999999,25922.21875,25334.85,26901.166666666668,5746.343750000001,0,42,4,0
5942,970315,48,3388,,2,1,285387,0,2,8,5,7,89.9,10177,6.63,7.75,81,9878,10108,0,,1,285387,0,2,8,5,7,89.9,10177,6.63,7.75,81,9878,10108,43,91,4,60,0,20,31,19,16,15,0,0,0,39415.4,37092.94552238806,6360.30895522388,10368.567441860465,4466.2967032967035,294.14477611940316,0,39,19,0
5382,970317,36,637,,2,3,139012,59,41,8,3,10,61.9,8363,2.52,3.49,108,2564,2799,0,,3,139012,59,41,8,3,10,61.9,8363,2.52,3.49,108,2564,2799,17,24,10,16,0,0,8,7,4,3,0,0,0,49208.1,42536.88536585366,4503.651219512195,6786.464705882353,2886.6583333333333,1124.148780487805,0,43,7,0
6377,970317,12,1432,,2,4,1204953,0,0,0,1,1,100.0,12541,0.29,0.43,167,85677,99107,0,,4,1204953,0,0,0,1,1,100.0,12541,0.29,0.43,167,85677,99107,25,45,15,27,0,0,18,10,6,6,0,0,0,40773.2,29906.531428571423,3752.75,6069.316,2465.768888888889,582.4757142857143,0,52,10,0
5931,970317,24,2779,,2,2,75232,55,26,4,1,5,41.7,8980,1.95,2.21,111,2824,2813,0,,2,75232,55,26,4,1,5,41.7,8980,1.95,2.21,111,2824,2813,21,22,14,22,0,0,0,7,3,3,0,0,0,12551.9,51945.21627906976,12559.06046511628,13156.942857142856,11988.354545454547,291.9069767441862,0,30,7,0
5992,970318,12,6340,,2,2,95616,65,30,4,1,6,51.4,9307,3.85,4.43,118,2616,3040,2,961028.0,2,95616,65,30,4,1,6,51.4,9307,3.85,4.43,118,2616,3040,25,56,2,39,1,12,16,11,8,7,0,0,0,70923.6,50621.10493827161,11450.617283950618,19968.472,7648.003571428571,875.6,0,17,12,0
5790,970320,48,1756,,2,0,161954,21,37,20,3,8,48.0,8720,3.73,4.5,116,3729,3651,0,,0,161954,21,37,20,3,8,48.0,8720,3.73,4.5,116,3729,3651,9,3,6,3,0,0,0,3,0,0,0,0,0,37381.6,29824.124999999996,6498.458333333333,6409.055555555556,6766.666666666667,3115.125,0,19,4,0
6753,970320,12,5665,,2,0,125832,151,41,2,3,5,48.3,8512,3.51,4.12,102,2247,2103,0,,0,125832,151,41,2,3,5,48.3,8512,3.51,4.12,102,2247,2103,11,3,5,3,0,0,0,6,0,0,0,0,0,55705.9,34806.92142857143,7479.0,7291.454545454545,8166.666666666667,3979.0,0,50,3,0
6562,970321,24,3937,,2,4,1204953,0,0,0,1,1,100.0,12541,0.29,0.43,167,85677,99107,0,,4,1204953,0,0,0,1,1,100.0,12541,0.29,0.43,167,85677,99107,26,40,18,28,0,0,12,8,6,6,0,0,0,70683.9,60311.76666666666,11653.442424242423,16150.215384615383,8730.539999999999,1070.969696969697,1,38,8,0
7046,970328,12,7636,,2,6,74062,99,15,4,2,7,61.4,8114,2.38,2.62,119,1003,1181,0,,6,74062,99,15,4,2,7,61.4,8114,2.38,2.62,119,1003,1181,34,36,23,21,0,0,15,11,7,7,0,0,0,14930.1,17625.444285714293,3045.662857142857,3354.7999999999997,2753.7000000000003,213.28571428571428,1,53,12,1
5868,970329,12,7513,,2,1,42821,4,13,5,1,3,48.4,8173,,7.01,124,,1358,0,,1,42821,4,13,5,1,3,48.4,8173,,7.01,124,,1358,26,39,1,39,0,13,0,12,0,8,0,0,0,78119.7,77525.11692307693,18359.004615384616,24451.05769230769,14297.6358974359,1201.8415384615382,0,50,12,1
5784,970329,36,2350,,2,0,387570,0,0,0,1,1,100.0,9897,1.60,1.96,140,18721,18696,0,,0,387570,0,0,0,1,1,100.0,9897,1.60,1.96,140,18721,18696,14,18,9,18,0,0,0,5,0,3,0,0,0,16915.7,41766.693750000006,10482.165624999998,12583.749999999998,8847.6,528.6156249999999,1,58,6,0
5210,970401,36,4115,,1,2,53921,61,22,1,1,2,41.3,8598,2.77,3.26,123,1597,1875,0,,2,53921,61,22,1,1,2,41.3,8598,2.77,3.26,123,1597,1875,42,76,2,76,0,20,0,20,0,16,0,0,0,26222.2,40688.34830508475,8874.036440677966,12778.07857142857,6716.539473684211,222.22288135593212,0,35,20,0
5878,970401,12,6170,,2,1,182027,17,49,12,2,7,56.4,8746,3.33,3.74,90,4355,4433,0,,1,182027,17,49,12,2,7,56.4,8746,3.33,3.74,90,4355,4433,44,146,23,78,0,0,68,21,17,17,0,0,0,35324.8,44234.82947368421,5633.203684210526,12563.852272727272,3544.5150684931505,185.84368421052625,0,41,20,0
5110,970401,60,1704,,2,0,109164,98,16,6,1,4,63.6,8757,3.38,3.95,96,2212,2471,0,,0,109164,98,16,6,1,4,63.6,8757,3.38,3.95,96,2212,2471,53,73,33,58,0,0,15,20,15,16,0,0,0,34783.0,29946.995238095245,3746.1555555555556,4780.9811320754725,2994.8438356164384,275.93968253968274,0,51,19,1
7230,970402,60,312,,2,7,88757,60,33,3,2,10,61.7,8554,2.47,2.68,113,1822,2218,0,,7,88757,60,33,3,2,10,61.7,8554,2.47,2.68,113,1822,2218,18,24,10,24,0,0,0,8,0,4,0,0,0,44308.1,40748.34523809524,4589.166666666667,6584.81111111111,3092.433333333333,1054.957142857143,1,36,8,1
5005,970410,12,2288,,1,1,161227,5,35,11,4,10,69.7,8678,5.93,5.57,102,4980,4595,0,,1,161227,5,35,11,4,10,69.7,8678,5.93,5.57,102,4980,4595,27,48,19,33,0,0,15,8,5,6,0,0,0,36280.9,48780.096,11800.306666666667,17061.185185185186,8841.0625,483.74666666666667,1,29,7,0
6871,970413,48,3422,,2,2,75637,35,36,9,0,7,36.5,9622,0.45,0.59,154,3475,3529,0,,2,75637,35,36,9,0,7,36.5,9622,0.45,0.59,154,3475,3529,47,51,18,51,0,0,0,29,0,10,0,0,0,23421.1,42341.63775510205,8080.23775510204,8673.240425531914,7533.745098039216,238.99285714285725,1,24,15,1
5363,970422,60,4898,,1,0,197099,29,41,10,2,10,74.7,9624,1.60,2.31,145,4484,4265,0,,0,197099,29,41,10,2,10,74.7,9624,1.60,2.31,145,4484,4265,39,51,25,51,0,0,0,14,0,11,0,1,0,-204.8,53227.14444444444,11288.745555555557,13022.848717948717,9962.666666666666,-2.276666666666683,0,22,17,0
7253,970426,12,8192,,2,6,93931,74,21,10,1,8,56.9,8427,1.12,1.54,107,1874,1913,0,,6,93931,74,21,10,1,8,56.9,8427,1.12,1.54,107,1874,1913,41,72,6,72,0,18,0,17,0,13,0,0,0,108445.5,66405.07079646018,16857.623008849558,23771.429268292683,12920.594444444445,392.44070796460164,1,26,17,0
5072,970428,24,8200,,2,2,112065,95,19,7,1,8,69.4,11277,1.25,1.44,127,5179,4987,0,,2,112065,95,19,7,1,8,69.4,11277,1.25,1.44,127,5179,4987,12,11,1,11,0,6,0,5,0,1,0,0,0,38166.1,58669.5043478261,26260.66956521739,26756.733333333334,25719.50909090909,1659.3999999999992,0,36,6,0
6055,970428,60,6652,,2,1,138032,67,30,4,2,5,64.6,8819,5.38,5.66,99,4063,4505,0,,1,138032,67,30,4,2,5,64.6,8819,5.38,5.66,99,4063,4505,28,32,17,32,0,0,0,11,0,6,0,0,0,18581.6,42435.31166666667,8508.545,9448.110714285716,7686.425,309.691666666667,0,54,14,0
6913,970429,24,4164,,2,4,1204953,0,0,0,1,1,100.0,12541,0.29,0.43,167,85677,99107,0,,4,1204953,0,0,0,1,1,100.0,12541,0.29,0.43,167,85677,99107,65,87,30,58,0,0,29,35,14,14,0,0,0,91178.5,55851.80263157895,7603.79802631579,9591.967692307693,6118.383908045976,599.8585526315793,0,31,19,0
6386,970430,36,3454,,2,3,161854,73,21,6,1,6,76.3,9425,1.72,2.5,125,4085,3891,0,,3,161854,73,21,6,1,6,76.3,9425,1.72,2.5,125,4085,3891,46,102,26,51,0,0,51,20,17,17,0,0,0,66449.9,25654.37837837838,6250.356756756756,10777.208695652174,4208.835294117647,448.98918918918935,0,17,20,0
5634,970501,12,3252,,2,0,197099,29,41,10,2,10,74.7,9624,1.60,2.31,145,4484,4265,0,,0,197099,29,41,10,2,10,74.7,9624,1.60,2.31,145,4484,4265,47,89,30,59,0,0,30,17,15,15,0,0,0,35422.1,60289.9544117647,10322.529411764706,15311.553191489362,7687.876404494382,260.45588235294116,1,60,17,0
5758,970502,60,5120,,2,0,107911,88,33,6,2,7,50.9,8240,2.53,3.56,99,1850,1903,0,,0,107911,88,33,6,2,7,50.9,8240,2.53,3.56,99,1850,1903,28,40,16,40,0,0,0,12,0,8,0,0,0,10058.2,44484.07500000001,12548.313235294117,15416.589285714286,10540.52,147.7014705882352,1,35,12,0
6819,970503,24,2088,,2,3,162580,83,26,5,1,6,72.8,9538,1.51,1.81,111,6079,5410,0,,3,162580,83,26,5,1,6,72.8,9538,1.51,1.81,111,6079,5410,14,2,7,2,0,0,0,7,0,0,0,0,0,68352.1,46214.125,10238.55625,8301.207142857142,23800.0,4288.55625,1,49,3,0
7088,970503,60,3986,,2,7,67298,71,19,10,0,7,43.8,8561,0.65,1.29,110,1029,1127,0,,7,67298,71,19,10,0,7,43.8,8561,0.65,1.29,110,1029,1127,30,76,2,38,0,14,38,14,9,10,0,0,0,28625.4,37233.14339622641,6547.782075471698,12044.596666666668,4377.986842105263,269.91415094339624,1,50,14,0
5039,970503,24,2785,,0,6,58796,22,16,7,1,5,51.9,9045,3.13,3.6,124,1845,1879,0,,6,58796,22,16,7,1,5,51.9,9045,3.13,3.6,124,1845,1879,34,60,4,49,0,15,11,15,11,11,0,0,0,22774.3,38819.320212765946,12542.66489361702,17671.83823529412,9636.133333333333,241.21808510638297,0,57,15,1
5532,970504,48,6985,,1,0,161954,21,37,20,3,8,48.0,8720,3.73,4.5,116,3729,3651,0,,0,161954,21,37,20,3,8,48.0,8720,3.73,4.5,116,3729,3651,31,66,1,46,0,15,20,15,10,11,0,0,0,29850.9,43629.43608247423,13584.956701030927,21735.348387096776,9756.742424242424,307.7402061855672,0,44,15,0
6037,970504,48,1109,,2,1,226122,32,50,7,4,4,62.6,8994,3.80,4.79,110,9672,9208,0,,1,226122,32,50,7,4,4,62.6,8994,3.80,4.79,110,9672,9208,50,100,29,67,0,0,33,21,17,17,0,0,0,35627.1,30896.00266666667,2734.4739999999997,4457.838,1872.7920000000001,237.4180000000001,1,32,20,0
6322,970506,24,3208,,2,1,323870,0,0,0,1,1,100.0,10673,4.75,5.44,100,18782,18347,0,,1,323870,0,0,0,1,1,100.0,10673,4.75,5.44,100,18782,18347,18,17,13,17,0,0,0,5,0,4,0,0,0,52478.9,61992.3,14823.305714285712,15869.294444444444,13715.78823529412,1499.3971428571429,1,31,4,0
6887,970508,12,3298,,2,1,228848,15,40,18,2,6,57.2,9893,4.09,4.72,96,5623,5887,0,,1,228848,15,40,18,2,6,57.2,9893,4.09,4.72,96,5623,5887,35,40,2,28,0,11,12,22,6,7,0,0,0,29658.4,30719.746666666666,6148.310666666666,6910.888571428572,5481.055,301.8519999999999,0,32,11,1
6660,970509,36,6123,,2,1,106054,38,25,6,2,6,63.1,8110,5.77,6.55,109,3244,3079,0,,1,106054,38,25,6,2,6,63.1,8110,5.77,6.55,109,3244,3079,11,9,1,8,0,5,1,5,1,1,0,0,0,48488.5,60165.795,23042.385,23151.645454545458,22908.844444444447,2424.425,1,34,5,0
5451,970511,48,3328,,2,6,70699,60,13,2,1,4,65.3,8968,2.83,3.35,131,1740,1910,0,,6,70699,60,13,2,1,4,65.3,8968,2.83,3.35,131,1740,1910,15,13,10,10,0,0,3,5,2,2,0,0,0,53598.4,56388.810714285704,14081.532142857142,14929.380000000001,13103.246153846154,1914.2321428571424,0,24,9,0
6014,970518,36,4588,,2,4,1204953,0,0,0,1,1,100.0,12541,0.29,0.43,167,85677,99107,0,,4,1204953,0,0,0,1,1,100.0,12541,0.29,0.43,167,85677,99107,30,67,1,45,0,15,22,14,11,10,0,0,0,25659.5,35478.66185567011,8861.790721649484,14754.223333333332,6223.388059701492,264.5329896907217,0,38,15,1
5556,970519,60,4472,,2,4,1204953,0,0,0,1,1,100.0,12541,0.29,0.43,167,85677,99107,0,,4,1204953,0,0,0,1,1,100.0,12541,0.29,0.43,167,85677,99107,21,31,13,21,0,0,10,8,5,4,0,0,0,12652.9,24411.29423076923,4646.15,6053.638095238096,3692.690322580645,243.3269230769232,0,44,8,0
6346,970522,60,1671,,2,4,1204953,0,0,0,1,1,100.0,12541,0.29,0.43,167,85677,99107,0,,4,1204953,0,0,0,1,1,100.0,12541,0.29,0.43,167,85677,99107,33,29,17,29,0,0,0,16,0,4,0,0,0,77813.6,40047.083870967756,9885.91451612903,10465.766666666665,9226.08275862069,1255.062903225806,1,29,22,0
5850,970522,36,4561,,0,0,197099,29,41,10,2,10,74.7,9624,1.60,2.31,145,4484,4265,0,,0,197099,29,41,10,2,10,74.7,9624,1.60,2.31,145,4484,4265,28,21,21,18,0,0,3,7,3,2,0,0,0,82971.3,49558.68571428572,12583.212244897959,12491.942857142856,12704.904761904761,1693.2938775510204,0,40,15,0
5940,970528,24,4456,,2,0,86513,38,36,5,1,5,50.5,8288,3.79,4.52,110,1562,1460,0,,0,86513,38,36,5,1,5,50.5,8288,3.79,4.52,110,1562,1460,10,8,1,6,0,5,2,4,1,0,0,0,0,54045.6,57324.072222222225,14678.866666666665,15913.26,13135.875,3002.5333333333338,0,44,4,0
7119,970602,12,7240,,2,6,103347,87,16,7,1,7,67.0,9104,1.51,2.07,123,2299,2354,1,970508.0,6,103347,87,16,7,1,7,67.0,9104,1.51,2.07,123,2299,2354,23,35,1,35,0,11,0,11,0,7,0,0,0,34589.9,56531.81724137931,16724.925862068965,21839.58695652174,13363.862857142856,596.1258620689651,0,57,11,0
5253,970603,48,2085,,2,0,114200,101,41,4,1,4,43.7,8403,5.74,5.72,105,2157,2718,0,,0,114200,101,41,4,1,4,43.7,8403,5.74,5.72,105,2157,2718,8,2,2,2,0,3,0,3,0,0,0,0,0,29942.7,22604.34,5374.2699999999995,5230.3375,5950.0,2994.2699999999995,0,31,3,0
6851,970603,60,4537,,2,7,170449,0,0,0,1,1,100.0,10787,2.64,3.09,131,6041,6261,0,,7,170449,0,0,0,1,1,100.0,10787,2.64,3.09,131,6041,6261,31,32,12,20,0,0,12,19,6,6,0,2,0,1594.9,36907.373015873,7270.019047619046,7412.767741935484,7131.731250000001,25.085714285714488,0,50,10,0
6695,970604,60,5161,,2,3,121947,37,28,7,3,11,70.5,8541,2.51,2.97,131,3496,3839,0,,3,121947,37,28,7,3,11,70.5,8541,2.51,2.97,131,3496,3839,13,4,1,4,0,4,0,8,0,0,0,0,0,44808.4,40151.711764705884,12153.429411764708,9669.869230769233,20225.0,2635.7823529411767,0,38,4,1
6908,970608,24,7859,,2,0,108871,41,29,7,2,6,62.1,8444,3.24,3.47,106,2595,2305,0,,0,108871,41,29,7,2,6,62.1,8444,3.24,3.47,106,2595,2305,40,23,18,20,0,0,3,22,3,3,0,0,0,56930.2,45805.50000000001,7799.711111111111,6857.425,9438.469565217392,908.1301587301585,1,58,19,1
7255,970609,60,3555,,2,7,72541,66,26,10,0,8,36.9,8594,1.62,2.01,112,1580,1525,0,,7,72541,66,26,10,0,8,36.9,8594,1.62,2.01,112,1580,1525,13,9,8,8,0,0,1,5,1,1,0,0,0,37716.7,37524.88636363636,12757.631818181819,12245.561538461538,13497.28888888889,1714.3954545454544,0,42,5,0
5674,970610,48,4318,,0,3,95907,87,25,5,2,7,59.1,8388,2.41,2.94,87,1658,1668,0,,3,95907,87,25,5,2,7,59.1,8388,2.41,2.94,87,1658,1668,26,32,19,32,0,0,0,7,0,5,0,0,0,46181.9,61345.1,14578.791379310345,17149.073076923076,12490.4375,796.2396551724142,1,34,9,1
6278,970610,24,3640,,2,2,95616,65,30,4,1,6,51.4,9307,3.85,4.43,118,2616,3040,0,,2,95616,65,30,4,1,6,51.4,9307,3.85,4.43,118,2616,3040,27,42,21,36,0,0,6,6,6,6,0,0,0,58492.3,69963.484057971,16362.865217391307,21991.300000000003,12744.585714285717,847.7173913043479,1,60,7,0
5486,970613,48,9721,,2,2,77963,60,23,4,2,4,51.5,8546,2.95,4.02,126,2640,3120,0,,2,77963,60,23,4,2,4,51.5,8546,2.95,4.02,126,2640,3120,42,60,24,60,0,0,0,18,0,14,0,0,0,60775.8,36161.02156862744,6543.769607843137,8669.526190476192,5055.74,595.8401960784315,0,51,18,0
5174,970613,48,8023,,2,0,387570,0,0,0,1,1,100.0,9897,1.60,1.96,140,18721,18696,0,,0,387570,0,0,0,1,1,100.0,9897,1.60,1.96,140,18721,18696,34,68,1,55,0,17,13,16,13,12,0,0,0,61999.6,47433.420588235276,17023.971568627454,26296.820588235296,12387.547058823531,507.24215686274437,0,40,16,0
6621,970614,12,3575,,2,3,121947,37,28,7,3,11,70.5,8541,2.51,2.97,131,3496,3839,0,,3,121947,37,28,7,3,11,70.5,8541,2.51,2.97,131,3496,3839,65,110,44,74,0,0,36,21,18,18,0,0,0,97149.3,50590.532,11403.547428571428,16098.23076923077,8629.416363636363,555.1382857142854,1,32,21,1
6313,970615,36,4192,,2,3,102609,75,33,2,3,6,52.0,8187,4.83,5.45,94,2123,2134,0,,3,102609,75,33,2,3,6,52.0,8187,4.83,5.45,94,2123,2134,30,37,20,37,0,0,0,10,0,9,0,0,0,43737.3,52250.26119402984,10160.658208955223,12075.023333333333,8608.470270270267,652.7955223880597,0,21,10,1
6435,970616,48,6015,,2,3,121947,37,28,7,3,11,70.5,8541,2.51,2.97,131,3496,3839,0,,3,121947,37,28,7,3,11,70.5,8541,2.51,2.97,131,3496,3839,12,9,1,9,0,6,0,5,0,1,0,0,0,102188.4,54677.280952380956,17591.314285714285,19650.250000000004,14846.066666666668,4866.114285714287,1,54,5,0
6970,970617,60,527,,2,2,112065,95,19,7,1,8,69.4,11277,1.25,1.44,127,5179,4987,0,,2,112065,95,19,7,1,8,69.4,11277,1.25,1.44,127,5179,4987,17,20,10,16,0,0,4,7,4,3,0,0,0,25880.0,27522.883783783782,6230.262162162163,7541.1705882352935,5115.99,699.4621621621621,1,57,8,0
6310,970617,12,2881,,2,4,1204953,0,0,0,1,1,100.0,12541,0.29,0.43,167,85677,99107,0,,4,1204953,0,0,0,1,1,100.0,12541,0.29,0.43,167,85677,99107,21,19,15,19,0,0,0,6,0,4,0,0,0,83661.6,60619.159999999996,13359.8125,14715.576190476193,11861.336842105264,2091.5425000000005,0,20,7,0
5932,970618,12,2779,,2,2,81344,61,23,4,2,6,55.3,8899,3.39,3.97,149,2987,2487,0,,2,81344,61,23,4,2,6,55.3,8899,3.39,3.97,149,2987,2487,26,37,15,37,0,0,0,11,0,10,0,0,0,17171.7,45807.114285714284,11718.187301587302,14527.26153846154,9744.243243243243,272.56825396825445,0,26,12,0
6877,970619,60,4754,,2,1,323870,0,0,0,1,1,100.0,10673,4.75,5.44,100,18782,18347,0,,1,323870,0,0,0,1,1,100.0,10673,4.75,5.44,100,18782,18347,26,28,1,24,0,9,4,16,4,4,0,0,0,59862.7,49699.66481481483,9580.14074074074,11099.815384615385,8169.0142857142855,1108.5703703703698,1,45,8,1
6763,970619,48,1839,,2,4,1204953,0,0,0,1,1,100.0,12541,0.29,0.43,167,85677,99107,0,,4,1204953,0,0,0,1,1,100.0,12541,0.29,0.43,167,85677,99107,40,37,3,28,0,13,9,24,9,8,0,0,0,7083.3,17535.779220779223,4253.805194805195,4182.83,4330.5351351351355,91.99220779220776,0,18,13,0
7085,970619,48,6363,,2,1,285387,0,2,8,5,7,89.9,10177,6.63,7.75,81,9878,10108,0,,1,285387,0,2,8,5,7,89.9,10177,6.63,7.75,81,9878,10108,30,53,19,35,0,0,18,11,9,9,0,0,0,9680.4,46147.521686746986,9989.96626506024,13980.793333333333,7731.007547169812,116.63132530120492,0,33,11,0
7049,970624,36,6484,,1,2,149893,63,29,6,2,6,67.4,9753,4.64,5.05,109,5244,5892,0,,2,149893,63,29,6,2,6,67.4,9753,4.64,5.05,109,5244,5892,17,32,2,16,0,8,16,7,4,3,0,0,0,47248.7,54476.857142857145,13561.891836734692,20934.74705882353,9645.0625,964.2591836734694,1,38,8,0
6959,970630,24,2477,,2,1,285387,0,2,8,5,7,89.9,10177,6.63,7.75,81,9878,10108,0,,1,285387,0,2,8,5,7,89.9,10177,6.63,7.75,81,9878,10108,55,65,26,65,0,0,0,29,0,12,0,6,0,54909.1,45016.69083333333,10629.011666666665,12094.460000000001,9389.016923076922,457.5766666666668,1,44,17,0
5214,970701,36,2077,,0,0,157042,49,70,18,0,9,33.9,8743,1.88,2.43,111,3659,3894,0,,0,157042,49,70,18,0,9,33.9,8743,1.88,2.43,111,3659,3894,30,41,4,33,0,13,8,13,8,9,0,0,0,33177.4,24872.139436619713,4899.823943661971,6351.083333333332,3837.9268292682927,467.2887323943662,1,36,12,0
6350,970709,48,6133,,2,0,387570,0,0,0,1,1,100.0,9897,1.60,1.96,140,18721,18696,0,,0,387570,0,0,0,1,1,100.0,9897,1.60,1.96,140,18721,18696,54,75,36,75,0,0,0,18,0,15,0,0,0,47113.5,61692.07751937985,14502.600775193798,17758.787037037036,12158.146666666667,365.22093023255724,0,30,18,0
5063,970710,48,7455,,2,0,387570,0,0,0,1,1,100.0,9897,1.60,1.96,140,18721,18696,0,,0,387570,0,0,0,1,1,100.0,9897,1.60,1.96,140,18721,18696,2,0,2,0,0,0,0,0,0,0,0,0,0,10100.0,5350.0,5050.0,5050.0,,5050.0,0,56,3,0
5041,970711,60,6150,,1,3,162580,83,26,5,1,6,72.8,9538,1.51,1.81,111,6079,5410,0,,3,162580,83,26,5,1,6,72.8,9538,1.51,1.81,111,6079,5410,49,122,29,67,0,0,55,20,18,19,0,0,0,59544.8,48648.401169590645,6055.033333333333,11173.014285714286,3999.4508196721313,348.21461988304065,0,23,20,0
6942,970716,12,1527,,2,0,108871,41,29,7,2,6,62.1,8444,3.24,3.47,106,2595,2305,0,,0,108871,41,29,7,2,6,62.1,8444,3.24,3.47,106,2595,2305,30,56,16,45,0,0,11,14,11,10,0,0,0,39555.8,31402.28372093022,7499.845348837209,11270.390000000001,5479.910714285715,363.2174418604651,0,46,14,1
5086,970716,48,4383,,2,1,285387,0,2,8,5,7,89.9,10177,6.63,7.75,81,9878,10108,0,,1,285387,0,2,8,5,7,89.9,10177,6.63,7.75,81,9878,10108,29,30,15,24,0,0,6,14,6,6,0,0,0,46478.3,45912.399999999994,7825.452542372881,8761.727586206896,6920.386666666667,787.7711864406781,0,41,15,0
5270,970721,48,3981,,2,3,102609,75,33,2,3,6,52.0,8187,4.83,5.45,94,2123,2134,0,,3,102609,75,33,2,3,6,52.0,8187,4.83,5.45,94,2123,2134,29,49,16,49,0,0,0,13,9,9,0,0,0,38391.7,32688.03333333334,6772.496153846153,9769.768965517243,4998.599999999999,492.2038461538462,1,34,13,0
6705,970725,48,6951,,2,6,177686,69,27,10,1,9,74.8,10045,1.42,1.71,135,6604,6295,0,,6,177686,69,27,10,1,9,74.8,10045,1.42,1.71,135,6604,6295,43,54,25,40,0,0,14,18,7,7,0,0,0,99815.6,61748.70206185566,12692.516494845362,15476.625581395347,10475.54074074074,1029.0278350515462,0,21,10,0
7051,970728,12,6484,,2,4,1204953,0,0,0,1,1,100.0,12541,0.29,0.43,167,85677,99107,0,,4,1204953,0,0,0,1,1,100.0,12541,0.29,0.43,167,85677,99107,13,10,10,10,0,0,0,3,0,3,0,0,0,57698.3,68874.72173913043,12138.521739130434,12957.092307692308,11074.38,2508.6260869565217,1,41,3,1
6758,970729,12,2762,,2,1,285387,0,2,8,5,7,89.9,10177,6.63,7.75,81,9878,10108,0,,1,285387,0,2,8,5,7,89.9,10177,6.63,7.75,81,9878,10108,20,12,10,8,0,0,4,10,1,1,0,0,0,31693.2,32407.646875,5645.50625,5308.729999999999,6206.8,990.40625,0,17,6,1
6249,970730,24,2817,,2,0,387570,0,0,0,1,1,100.0,9897,1.60,1.96,140,18721,18696,0,,0,387570,0,0,0,1,1,100.0,9897,1.60,1.96,140,18721,18696,13,10,2,9,0,6,1,5,1,1,0,0,0,17205.7,30181.317391304336,9277.08695652174,8868.415384615384,9808.36,748.078260869565,0,34,6,1
5808,970731,48,872,,2,0,387570,0,0,0,1,1,100.0,9897,1.60,1.96,140,18721,18696,0,,0,387570,0,0,0,1,1,100.0,9897,1.60,1.96,140,18721,18696,28,75,15,45,0,0,30,13,10,9,0,0,0,37069.1,38559.26407766991,5151.3796116504855,10136.810714285715,3290.152,359.8961165048543,0,36,14,0
5377,970804,12,7700,,2,1,285387,0,2,8,5,7,89.9,10177,6.63,7.75,81,9878,10108,1,961210.0,1,285387,0,2,8,5,7,89.9,10177,6.63,7.75,81,9878,10108,39,65,24,43,0,0,22,15,11,12,0,0,0,46503.6,42291.185576923075,9193.245192307691,12853.674358974358,6996.987692307693,447.0105769230768,0,23,15,0
5446,970804,24,2013,,2,3,102609,75,33,2,3,6,52.0,8187,4.83,5.45,94,2123,2134,0,,3,102609,75,33,2,3,6,52.0,8187,4.83,5.45,94,2123,2134,45,49,13,37,0,16,12,16,12,12,0,0,0,41182.1,31897.432978723402,5664.901063829787,6374.2555555555555,5013.45306122449,438.10957446808516,1,38,16,0
5856,970809,12,4280,,2,0,117897,139,28,5,1,6,53.8,8814,4.76,5.74,107,2112,2059,0,,0,117897,139,28,5,1,6,53.8,8814,4.76,5.74,107,2112,2059,41,46,28,46,0,0,0,13,0,9,0,2,0,64529.7,53636.374712643665,16368.101149425287,18153.10487804878,14777.119565217392,741.7218390804594,0,51,12,0
7001,970810,60,5010,,2,7,67298,71,19,10,0,7,43.8,8561,0.65,1.29,110,1029,1127,1,970629.0,7,67298,71,19,10,0,7,43.8,8561,0.65,1.29,110,1029,1127,28,67,3,42,1,13,24,12,8,8,0,0,0,73926.0,53217.7294736842,8434.018947368422,15627.82142857143,5427.653731343285,778.1705263157896,0,33,13,0
4986,970810,12,8573,,2,1,323870,0,0,0,1,1,100.0,10673,4.75,5.44,100,18782,18347,0,,1,323870,0,0,0,1,1,100.0,10673,4.75,5.44,100,18782,18347,33,85,18,42,0,0,43,15,10,11,0,0,0,40516.3,33057.374576271184,4844.029661016949,9274.421212121213,3123.9952941176466,343.35847457627125,1,55,15,1
6677,970812,60,1633,,2,7,45714,52,10,5,1,6,55.6,8843,2.82,3.6,113,818,888,0,,7,45714,52,10,5,1,6,55.6,8843,2.82,3.6,113,818,888,45,92,25,60,0,0,32,20,16,16,0,0,0,16038.7,24067.298540145985,3667.167883211679,5760.453333333333,2643.278260869565,117.07153284671546,0,17,20,0
6665,970815,60,1655,,2,0,108871,41,29,7,2,6,62.1,8444,3.24,3.47,106,2595,2305,0,,0,108871,41,29,7,2,6,62.1,8444,3.24,3.47,106,2595,2305,45,99,24,63,0,0,36,21,18,17,0,0,0,32199.4,39110.670833333344,6083.388888888889,10091.195555555556,4261.658585858585,223.60833333333358,0,24,22,0
5817,970815,24,4200,,2,3,102609,75,33,2,3,6,52.0,8187,4.83,5.45,94,2123,2134,0,,3,102609,75,33,2,3,6,52.0,8187,4.83,5.45,94,2123,2134,22,42,12,24,0,0,18,10,4,7,0,3,0,-1571.5,26649.7703125,6239.584375,9040.045454545456,4772.676190476191,-24.55312499999991,1,59,15,0
6984,970815,60,1934,,2,0,387570,0,0,0,1,1,100.0,9897,1.60,1.96,140,18721,18696,0,,0,387570,0,0,0,1,1,100.0,9897,1.60,1.96,140,18721,18696,17,22,10,14,0,0,8,7,4,3,0,0,0,34464.7,29865.18974358974,4050.984615384615,5604.505882352942,2850.5363636363636,834.9948717948716,0,57,7,1
6541,970817,48,3198,,2,0,108871,41,29,7,2,6,62.1,8444,3.24,3.47,106,2595,2305,0,,0,108871,41,29,7,2,6,62.1,8444,3.24,3.47,106,2595,2305,35,76,2,51,0,17,25,16,13,12,0,0,0,27633.1,33651.10360360361,6225.907207207207,10267.271428571428,4364.752631578946,248.94864864864869,1,21,16,0
5117,970820,12,6412,,2,4,1204953,0,0,0,1,1,100.0,12541,0.29,0.43,167,85677,99107,0,,4,1204953,0,0,0,1,1,100.0,12541,0.29,0.43,167,85677,99107,39,71,25,39,0,0,32,14,11,10,0,0,0,59256.4,40141.79545454546,8322.768181818183,12496.935897435897,6029.915492957746,538.6954545454546,0,40,17,0
6097,970821,48,4226,,1,1,127369,31,32,13,2,7,51.2,8369,4.73,5.88,107,3736,2807,0,,1,127369,31,32,13,2,7,51.2,8369,4.73,5.88,107,3736,2807,28,46,5,31,0,12,15,11,8,7,0,0,0,33802.0,37200.395945945944,8978.54054054054,12468.107142857143,6854.45652173913,456.7837837837838,0,56,11,1
5389,970822,24,3275,,2,3,121947,37,28,7,3,11,70.5,8541,2.51,2.97,131,3496,3839,0,,3,121947,37,28,7,3,11,70.5,8541,2.51,2.97,131,3496,3839,11,3,2,3,0,5,0,4,0,0,0,0,0,67058.7,42902.40714285714,11047.050000000001,10078.063636363637,14600.0,4789.907142857143,1,41,4,0
7219,970823,48,1190,,2,5,105058,32,19,7,2,10,81.0,9272,2.80,3.22,118,4340,4505,0,,5,105058,32,19,7,2,10,81.0,9272,2.80,3.22,118,4340,4505,20,29,12,19,0,0,10,8,5,4,0,0,0,42762.2,41985.62040816326,3322.6306122448977,5139.275000000001,2069.7724137931036,872.695918367347,1,39,9,0
6338,970824,60,6511,,2,4,1204953,0,0,0,1,1,100.0,12541,0.29,0.43,167,85677,99107,0,,4,1204953,0,0,0,1,1,100.0,12541,0.29,0.43,167,85677,99107,32,49,23,41,0,0,8,9,8,7,0,0,0,60956.6,63544.64567901234,15753.593827160495,20890.590625,12398.820408163265,752.5518518518514,0,19,10,0
6922,970826,36,2323,,2,0,387570,0,0,0,1,1,100.0,9897,1.60,1.96,140,18721,18696,0,,0,387570,0,0,0,1,1,100.0,9897,1.60,1.96,140,18721,18696,17,17,2,17,0,8,0,7,0,3,0,0,0,31228.0,29077.814705882352,6476.988235294117,7395.458823529411,5558.517647058823,918.4705882352941,0,19,7,0
5367,970826,36,2323,,2,0,387570,0,0,0,1,1,100.0,9897,1.60,1.96,140,18721,18696,0,,0,387570,0,0,0,1,1,100.0,9897,1.60,1.96,140,18721,18696,17,17,2,17,0,8,0,7,0,3,0,0,0,31814.7,29052.608823529412,6458.95,7394.676470588235,5523.2235294117645,935.7264705882354,0,19,7,0
5638,970827,12,5677,,2,1,323870,0,0,0,1,1,100.0,10673,4.75,5.44,100,18782,18347,0,,1,323870,0,0,0,1,1,100.0,10673,4.75,5.44,100,18782,18347,21,30,12,24,0,0,6,9,6,5,0,0,0,16430.9,28808.999999999996,8767.472549019607,11037.433333333334,7178.500000000001,322.17843137254914,1,39,10,0
5830,970828,60,6763,,2,0,145688,22,41,13,2,5,40.7,8544,1.29,1.86,109,2719,2906,0,,0,145688,22,41,13,2,5,40.7,8544,1.29,1.86,109,2719,2906,61,115,39,59,0,0,56,22,19,18,0,0,0,41532.1,34044.42954545454,3669.8176136363636,5634.591803278689,2627.633043478261,235.9789772727272,1,46,22,0
5338,970830,12,4780,,2,2,77963,60,23,4,2,4,51.5,8546,2.95,4.02,126,2640,3120,0,,2,77963,60,23,4,2,4,51.5,8546,2.95,4.02,126,2640,3120,29,46,1,28,0,10,18,18,6,5,0,1,0,15016.3,36887.15599999999,8336.574666666666,11038.958620689655,6632.897826086956,200.22000000000014,1,39,10,0
6007,970830,48,6040,,2,5,133777,24,17,7,3,11,84.7,8705,5.75,7.61,116,4650,4859,0,,5,133777,24,17,7,3,11,84.7,8705,5.75,7.61,116,4650,4859,20,25,1,25,0,10,0,9,0,5,0,0,0,54561.4,58959.27777777777,16606.83111111111,20046.719999999994,13854.92,1212.4755555555555,0,53,10,0
6612,970831,12,8116,,2,1,285387,0,2,8,5,7,89.9,10177,6.63,7.75,81,9878,10108,0,,1,285387,0,2,8,5,7,89.9,10177,6.63,7.75,81,9878,10108,35,46,22,36,0,0,10,13,10,10,0,0,0,20146.2,36685.09135802469,9153.706172839506,10879.948571428571,7840.260869565216,248.7185185185185,1,37,13,1
5718,970901,12,1169,,2,0,107911,88,33,6,2,7,50.9,8240,2.53,3.56,99,1850,1903,0,,0,107911,88,33,6,2,7,50.9,8240,2.53,3.56,99,1850,1903,48,108,26,72,0,0,36,22,18,18,0,0,0,51785.0,51802.019230769234,4757.734615384616,8270.745833333334,3196.3962962962955,331.9551282051284,0,51,22,0
6104,970905,36,4394,,2,3,162580,83,26,5,1,6,72.8,9538,1.51,1.81,111,6079,5410,0,,3,162580,83,26,5,1,6,72.8,9538,1.51,1.81,111,6079,5410,38,57,21,57,0,0,0,17,0,15,0,0,0,28819.1,47679.97368421052,8228.602105263157,10664.952631578948,6604.368421052632,303.36000000000035,1,44,16,0
5229,970906,12,1960,,2,0,107911,88,33,6,2,7,50.9,8240,2.53,3.56,99,1850,1903,0,,0,107911,88,33,6,2,7,50.9,8240,2.53,3.56,99,1850,1903,24,39,2,25,0,11,14,11,7,7,0,0,0,19087.2,25967.495238095235,4386.060317460317,6154.358333333334,3297.8769230769235,302.9746031746033,1,55,11,1
6625,970907,60,7888,,2,0,387570,0,0,0,1,1,100.0,9897,1.60,1.96,140,18721,18696,0,,0,387570,0,0,0,1,1,100.0,9897,1.60,1.96,140,18721,18696,23,20,9,20,0,0,0,14,0,5,0,0,0,25746.5,52777.34186046511,9163.081395348838,9128.41304347826,9202.95,602.1976744186046,0,30,8,0
5206,970907,24,5356,,0,1,323870,0,0,0,1,1,100.0,10673,4.75,5.44,100,18782,18347,0,,1,323870,0,0,0,1,1,100.0,10673,4.75,5.44,100,18782,18347,21,39,11,19,0,0,20,10,5,6,0,0,0,31082.1,40526.454999999994,7808.701666666666,11895.338095238094,5608.205128205128,518.0349999999999,0,45,9,0
5963,970907,60,3413,,2,0,387570,0,0,0,1,1,100.0,9897,1.60,1.96,140,18721,18696,0,,0,387570,0,0,0,1,1,100.0,9897,1.60,1.96,140,18721,18696,14,9,8,9,0,0,0,6,0,1,0,0,0,89411.0,48890.17826086956,16351.478260869566,16624.814285714285,15926.28888888889,3887.4260869565214,1,44,6,0
4990,970908,36,4516,,2,5,159617,29,19,8,1,9,85.2,9198,3.33,4.28,131,5796,6132,0,,5,159617,29,19,8,1,9,85.2,9198,3.33,4.28,131,5796,6132,28,56,15,39,0,0,17,13,9,9,0,0,0,55539.8,46148.29761904761,7240.840476190476,11853.042857142855,4934.739285714286,661.1880952380953,1,44,13,0
6641,970909,36,3563,,2,5,159617,29,19,8,1,9,85.2,9198,3.33,4.28,131,5796,6132,0,,5,159617,29,19,8,1,9,85.2,9198,3.33,4.28,131,5796,6132,12,6,7,6,0,0,0,5,0,1,0,0,0,48323.8,47029.53888888889,12119.611111111113,11103.199999999999,14152.433333333334,2684.655555555555,1,54,5,0
5369,970912,36,5961,,2,1,323870,0,0,0,1,1,100.0,10673,4.75,5.44,100,18782,18347,0,,1,323870,0,0,0,1,1,100.0,10673,4.75,5.44,100,18782,18347,10,7,1,7,0,5,0,4,0,0,0,0,0,86514.1,62852.91764705883,26971.41764705882,27251.410000000003,26571.428571428572,5089.064705882353,1,60,4,1
6196,970914,36,4939,,2,2,95616,65,30,4,1,6,51.4,9307,3.85,4.43,118,2616,3040,0,,2,95616,65,30,4,1,6,51.4,9307,3.85,4.43,118,2616,3040,40,51,27,51,0,0,0,13,0,11,0,0,0,46296.7,54375.023076923084,13451.669230769232,15879.982500000002,11547.109803921569,508.7549450549451,0,26,13,0
5236,970915,48,8107,,2,0,107911,88,33,6,2,7,50.9,8240,2.53,3.56,99,1850,1903,0,,0,107911,88,33,6,2,7,50.9,8240,2.53,3.56,99,1850,1903,24,38,1,38,0,12,0,11,0,7,0,0,0,78769.8,59749.88387096773,19229.262903225812,26478.837499999998,14650.584210526315,1270.4822580645161,1,30,11,0
5719,970920,48,5658,,2,4,1204953,0,0,0,1,1,100.0,12541,0.29,0.43,167,85677,99107,0,,4,1204953,0,0,0,1,1,100.0,12541,0.29,0.43,167,85677,99107,41,49,25,49,0,0,0,16,0,9,0,0,0,92401.4,62387.09000000002,14286.517777777779,16807.175609756097,12177.395918367347,1026.6866666666665,1,21,16,0
5643,970921,12,7876,,2,1,323870,0,0,0,1,1,100.0,10673,4.75,5.44,100,18782,18347,0,,1,323870,0,0,0,1,1,100.0,10673,4.75,5.44,100,18782,18347,63,71,2,71,0,21,0,40,0,16,0,0,0,53211.1,48061.85671641792,16710.555970149253,17960.522222222226,15601.430985915495,177.69626865671503,1,44,20,0
7050,970923,48,6484,,2,1,127369,31,32,13,2,7,51.2,8369,4.73,5.88,107,3736,2807,0,,1,127369,31,32,13,2,7,51.2,8369,4.73,5.88,107,3736,2807,62,74,45,74,0,0,0,17,0,15,0,0,0,52289.2,72885.75808823529,16591.597794117646,18618.92419354839,14893.027027027027,384.4801470588239,0,51,17,0
6355,970924,48,2650,,2,5,88768,10,18,5,1,7,80.5,8867,1.02,1.21,130,3384,3620,0,,5,88768,10,18,5,1,7,80.5,8867,1.02,1.21,130,3384,3620,40,55,11,34,0,15,21,14,10,10,0,0,0,39078.4,28863.030526315782,5931.774736842105,7532.464999999999,4767.636363636364,411.35368421052647,1,32,15,0
6688,970926,24,359,,2,0,108871,41,29,7,2,6,62.1,8444,3.24,3.47,106,2595,2305,0,,0,108871,41,29,7,2,6,62.1,8444,3.24,3.47,106,2595,2305,37,42,15,28,0,0,14,22,7,7,0,0,0,29184.0,24946.635443037976,3980.1810126582277,4643.489189189189,3395.838095238095,369.41645569620255,1,21,12,0
6239,970928,48,7518,,1,2,77963,60,23,4,2,4,51.5,8546,2.95,4.02,126,2640,3120,0,,2,77963,60,23,4,2,4,51.5,8546,2.95,4.02,126,2640,3120,41,45,23,45,0,0,0,18,8,8,0,0,0,27383.2,52871.42441860466,14112.969767441862,15135.351219512195,13181.466666666667,318.41162790697666,0,19,12,0
5531,970930,24,2768,,2,7,170449,0,0,0,1,1,100.0,10787,2.64,3.09,131,6041,6261,0,,7,170449,0,0,0,1,1,100.0,10787,2.64,3.09,131,6041,6261,39,68,2,53,0,19,15,18,15,14,0,0,0,17745.1,33039.89252336449,8355.36355140187,11689.346153846154,6443.226470588234,165.84205607476622,0,26,19,1
6113,971001,36,2186,,2,1,226122,32,50,7,4,4,62.6,8994,3.80,4.79,110,9672,9208,0,,1,226122,32,50,7,4,4,62.6,8994,3.80,4.79,110,9672,9208,16,25,2,13,0,7,12,7,3,3,0,0,0,36292.9,40292.34146341463,4217.717073170732,6538.1,2732.672,885.1902439024391,0,26,7,0
7181,971002,24,8242,,2,4,1204953,0,0,0,1,1,100.0,12541,0.29,0.43,167,85677,99107,0,,4,1204953,0,0,0,1,1,100.0,12541,0.29,0.43,167,85677,99107,9,6,1,6,0,4,0,4,0,0,0,0,0,43883.1,64942.89333333332,26978.873333333337,24920.344444444443,30066.666666666668,2925.5399999999986,0,34,4,0
6118,971004,48,7279,,2,0,161954,21,37,20,3,8,48.0,8720,3.73,4.5,116,3729,3651,1,970520.0,0,161954,21,37,20,3,8,48.0,8720,3.73,4.5,116,3729,3651,61,84,39,67,1,0,16,22,16,17,0,0,0,64035.7,59951.07517241378,12631.077931034482,15537.23114754098,10520.657142857144,441.6268965517235,1,43,21,0
7264,971007,12,3745,,1,4,1204953,0,0,0,1,1,100.0,12541,0.29,0.43,167,85677,99107,0,,4,1204953,0,0,0,1,1,100.0,12541,0.29,0.43,167,85677,99107,21,19,14,19,0,0,0,7,0,4,0,0,0,76986.0,52484.82250000001,13027.2,14239.857142857145,11686.894736842105,1924.65,0,21,7,0
5343,971008,24,1873,,2,4,1204953,0,0,0,1,1,100.0,12541,0.29,0.43,167,85677,99107,0,,4,1204953,0,0,0,1,1,100.0,12541,0.29,0.43,167,85677,99107,30,59,16,41,0,0,18,14,9,9,0,0,0,51732.9,51453.801123595505,9539.001123595506,15011.49,6756.379661016949,581.104494382022,1,27,14,0
5051,971011,60,3840,,2,1,228848,15,40,18,2,6,57.2,9893,4.09,4.72,96,5623,5887,0,,1,228848,15,40,18,2,6,57.2,9893,4.09,4.72,96,5623,5887,53,115,38,62,0,0,53,15,13,14,0,0,0,49277.3,79500.53809523808,12591.524404761902,20421.25849056604,8983.038260869565,293.3172619047615,1,36,14,0
6605,971014,48,1653,,2,7,87419,21,11,4,3,9,85.5,8624,1.79,2.66,102,2879,3198,0,,7,87419,21,11,4,3,9,85.5,8624,1.79,2.66,102,2879,3198,47,58,29,43,0,0,15,18,15,14,0,0,0,34308.1,23918.494285714285,2747.9304761904764,3388.687234042553,2228.696551724138,285.75142857142856,0,46,18,0
5779,971014,36,2982,,1,7,67298,71,19,10,0,7,43.8,8561,0.65,1.29,110,1029,1127,0,,7,67298,71,19,10,0,7,43.8,8561,0.65,1.29,110,1029,1127,45,39,28,32,0,0,7,17,7,7,0,0,0,61126.0,57995.119047619046,12020.685714285713,11898.48,12161.692307692309,727.685714285714,0,57,17,0
6655,971017,60,4340,,2,1,182027,17,49,12,2,7,56.4,8746,3.33,3.74,90,4355,4433,0,,1,182027,17,49,12,2,7,56.4,8746,3.33,3.74,90,4355,4433,43,84,25,55,0,0,29,18,16,15,0,0,0,21054.8,37448.40472440944,9845.946456692915,14784.772093023255,7317.738095238095,165.78897637795274,0,47,18,0
6534,971019,60,9847,,2,0,387570,0,0,0,1,1,100.0,9897,1.60,1.96,140,18721,18696,0,,0,387570,0,0,0,1,1,100.0,9897,1.60,1.96,140,18721,18696,46,65,30,41,0,0,24,16,12,12,0,0,0,30859.3,27937.978378378368,4880.522522522522,6223.88695652174,3929.8338461538465,278.0144144144145,1,30,17,0
5681,971020,24,2861,,1,0,109164,98,16,6,1,4,63.6,8757,3.38,3.95,96,2212,2471,0,,0,109164,98,16,6,1,4,63.6,8757,3.38,3.95,96,2212,2471,30,43,14,43,0,0,0,16,0,12,0,0,0,36642.4,36855.823287671235,7446.938356164384,9671.150000000001,5895.162790697675,501.95205479452056,0,17,16,1
6607,971021,36,4254,,2,7,67298,71,19,10,0,7,43.8,8561,0.65,1.29,110,1029,1127,1,961102.0,7,67298,71,19,10,0,7,43.8,8561,0.65,1.29,110,1029,1127,57,114,39,74,4,0,36,18,18,17,0,0,0,57715.7,58553.67719298246,12272.340350877193,18914.78947368421,8951.115789473684,337.51929824561364,1,28,18,0
6242,971022,36,728,,2,7,45714,52,10,5,1,6,55.6,8843,2.82,3.6,113,818,888,0,,7,45714,52,10,5,1,6,55.6,8843,2.82,3.6,113,818,888,10,2,7,2,0,0,0,3,0,0,0,0,0,37647.8,27419.849999999995,4487.316666666667,4574.78,4050.0,3137.316666666666,0,24,4,0
7242,971023,24,2004,,1,5,105058,32,19,7,2,10,81.0,9272,2.80,3.22,118,4340,4505,0,,5,105058,32,19,7,2,10,81.0,9272,2.80,3.22,118,4340,4505,35,48,6,38,0,15,10,14,10,10,0,0,0,32352.9,33044.0156626506,4930.709638554217,6308.597142857143,3926.0,389.7939759036144,1,39,14,0
7277,971024,12,7440,,2,4,1204953,0,0,0,1,1,100.0,12541,0.29,0.43,167,85677,99107,0,,4,1204953,0,0,0,1,1,100.0,12541,0.29,0.43,167,85677,99107,18,34,1,25,0,9,9,8,4,4,0,0,0,70119.7,60522.04038461539,15233.588461538464,23729.622222222224,10735.688235294117,1194.6115384615382,1,49,8,0
6675,971101,36,6631,,1,3,78955,50,24,8,1,9,59.0,9060,1.78,2.44,124,1655,1717,0,,3,78955,50,24,8,1,9,59.0,9060,1.78,2.44,124,1655,1717,34,72,2,49,0,16,23,16,11,12,0,0,0,83039.1,65133.535849056614,12167.42641509434,20188.035294117646,8379.916666666666,783.3886792452829,1,33,16,0
5956,971104,36,4674,,2,1,182027,17,49,12,2,7,56.4,8746,3.33,3.74,90,4355,4433,0,,1,182027,17,49,12,2,7,56.4,8746,3.33,3.74,90,4355,4433,13,12,1,10,0,6,2,6,2,2,0,0,0,27560.6,40044.576,13602.676,14139.515384615383,13021.1,1102.42,1,47,6,0
5398,971104,12,4456,,1,2,81344,61,23,4,2,6,55.3,8899,3.39,3.97,149,2987,2487,0,,2,81344,61,23,4,2,6,55.3,8899,3.39,3.97,149,2987,2487,58,76,38,76,0,0,0,20,0,18,0,0,0,64284.3,64144.50223880597,14576.1223880597,17392.110344827586,12427.078947368422,479.73432835820824,1,57,20,1
5731,971105,60,7683,,2,2,75232,55,26,4,1,5,41.7,8980,1.95,2.21,111,2824,2813,0,,2,75232,55,26,4,1,5,41.7,8980,1.95,2.21,111,2824,2813,13,13,7,13,0,0,0,6,1,2,0,0,0,19163.5,45410.149999999994,12750.846153846154,13487.907692307694,12013.784615384617,737.0615384615384,0,32,5,0
6956,971109,24,2477,,2,2,75637,35,36,9,0,7,36.5,9622,0.45,0.59,154,3475,3529,0,,2,75637,35,36,9,0,7,36.5,9622,0.45,0.59,154,3475,3529,41,52,8,52,0,17,0,16,0,12,0,0,0,33869.8,29114.62258064515,5879.703225806451,7081.49268292683,4932.138461538461,364.19354838709694,1,39,16,0
6437,971109,36,1777,,0,0,157042,49,70,18,0,9,33.9,8743,1.88,2.43,111,3659,3894,0,,0,157042,49,70,18,0,9,33.9,8743,1.88,2.43,111,3659,3894,9,2,2,2,0,4,0,3,0,0,0,0,0,39052.7,21532.345454545455,4859.327272727272,5139.177777777779,3600.0,3550.2363636363643,1,50,3,0
5447,971112,60,9020,,2,1,285387,0,2,8,5,7,89.9,10177,6.63,7.75,81,9878,10108,0,,1,285387,0,2,8,5,7,89.9,10177,6.63,7.75,81,9878,10108,57,117,23,57,0,0,60,34,15,15,0,10,0,6360.9,12006.396551724136,3555.9178160919537,5483.250877192983,2616.9606837606834,36.55689655172427,0,50,19,0
5973,971124,48,4572,,2,3,112709,48,20,7,3,10,73.5,8369,1.79,2.31,117,2854,2618,0,,3,112709,48,20,7,3,10,73.5,8369,1.79,2.31,117,2854,2618,8,3,1,3,0,4,0,3,0,0,0,0,0,77123.8,44366.05454545454,14574.890909090907,14840.475,13866.666666666666,7011.254545454546,0,37,3,1
6075,971126,24,5388,,2,2,149893,63,29,6,2,6,67.4,9753,4.64,5.05,109,5244,5892,0,,2,149893,63,29,6,2,6,67.4,9753,4.64,5.05,109,5244,5892,62,90,40,90,0,0,0,22,0,21,0,2,0,102816.6,45330.91973684211,12539.06052631579,15947.209677419354,10191.224444444444,470.50526315789506,0,24,22,0
5281,971127,24,8094,,2,1,42821,4,13,5,1,3,48.4,8173,,7.01,124,,1358,0,,1,42821,4,13,5,1,3,48.4,8173,,7.01,124,,1358,56,78,35,78,0,0,0,21,0,18,0,0,0,67742.6,51370.480597014925,12812.211940298506,15933.742857142855,10571.11282051282,505.5432835820899,1,29,22,0
5103,971128,12,1045,,2,7,67298,71,19,10,0,7,43.8,8561,0.65,1.29,110,1029,1127,1,970822.0,7,67298,71,19,10,0,7,43.8,8561,0.65,1.29,110,1029,1127,45,107,26,60,2,0,45,19,15,15,0,0,0,54562.2,41922.046710526316,4203.093421052631,7704.804444444445,2730.411214953271,358.96184210526303,0,57,20,1
7209,971130,60,6426,,2,3,102609,75,33,2,3,6,52.0,8187,4.83,5.45,94,2123,2134,0,,3,102609,75,33,2,3,6,52.0,8187,4.83,5.45,94,2123,2134,35,24,10,24,0,0,0,25,3,6,0,0,0,10414.7,29028.266101694913,7820.171186440679,6740.071428571429,9395.316666666668,176.52372881355936,1,41,13,0
6468,971130,60,3399,,2,4,1204953,0,0,0,1,1,100.0,12541,0.29,0.43,167,85677,99107,0,,4,1204953,0,0,0,1,1,100.0,12541,0.29,0.43,167,85677,99107,23,31,13,24,0,0,7,10,7,6,0,0,0,51081.3,42000.788888888885,9742.898148148148,12547.778260869567,7661.858064516129,945.9499999999998,0,43,11,0
5584,971206,24,1033,,2,0,86513,38,36,5,1,5,50.5,8288,3.79,4.52,110,1562,1460,0,,0,86513,38,36,5,1,5,50.5,8288,3.79,4.52,110,1562,1460,40,95,21,64,0,0,31,19,16,15,0,0,0,69188.8,47061.85999999999,7184.288148148147,12988.3475,4740.473684210526,512.5103703703705,1,39,19,0
4988,971206,36,7370,,2,3,105606,77,26,7,2,7,53.0,8254,2.79,3.76,97,2166,2325,0,,3,105606,77,26,7,2,7,53.0,8254,2.79,3.76,97,2166,2325,42,41,22,41,0,0,0,20,0,8,0,4,0,19975.2,46266.57469879518,8634.156626506023,8769.207142857142,8495.812195121951,240.70361445783135,1,30,20,0
6502,971208,12,2523,,2,1,228848,15,40,18,2,6,57.2,9893,4.09,4.72,96,5623,5887,0,,1,228848,15,40,18,2,6,57.2,9893,4.09,4.72,96,5623,5887,51,113,36,70,0,0,43,15,14,14,0,0,0,27846.6,61588.33719512193,12133.594512195123,19781.923529411764,8681.693805309735,169.7969512195126,1,35,16,0
5651,971208,12,1604,,2,2,75232,55,26,4,1,5,41.7,8980,1.95,2.21,111,2824,2813,0,,2,75232,55,26,4,1,5,41.7,8980,1.95,2.21,111,2824,2813,29,43,16,34,0,0,9,13,9,9,0,0,0,43435.5,36065.975,7670.837500000001,10271.306896551723,5917.032558139535,603.2708333333334,1,33,13,1
4962,971208,12,2523,,2,1,228848,15,40,18,2,6,57.2,9893,4.09,4.72,96,5623,5887,0,,1,228848,15,40,18,2,6,57.2,9893,4.09,4.72,96,5623,5887,51,113,36,70,0,0,43,15,14,14,0,0,0,31621.9,62991.264634146355,12113.931097560977,19787.31960784314,8650.7203539823,192.81646341463428,1,35,16,0
5862,971209,24,4172,,2,1,323870,0,0,0,1,1,100.0,10673,4.75,5.44,100,18782,18347,0,,1,323870,0,0,0,1,1,100.0,10673,4.75,5.44,100,18782,18347,51,88,32,71,0,0,17,19,17,17,0,0,0,55023.7,56496.391366906486,9714.087769784172,13777.274509803921,7359.2863636363645,395.8546762589923,0,49,19,0
7199,971209,12,3814,,2,1,138032,67,30,4,2,5,64.6,8819,5.38,5.66,99,4063,4505,0,,1,138032,67,30,4,2,5,64.6,8819,5.38,5.66,99,4063,4505,47,99,33,61,0,0,38,14,12,13,0,0,0,77322.2,59138.44178082193,11189.415753424659,18191.95531914894,7864.977777777778,523.21301369863,1,53,14,1
6727,971210,12,3570,,2,1,285387,0,2,8,5,7,89.9,10177,6.63,7.75,81,9878,10108,0,,1,285387,0,2,8,5,7,89.9,10177,6.63,7.75,81,9878,10108,27,18,11,18,0,0,0,16,0,4,0,0,0,57767.4,35642.19777777778,5868.537777777778,5960.214814814814,5731.022222222222,1283.72,1,60,8,0
7279,971211,24,6490,,2,5,133777,24,17,7,3,11,84.7,8705,5.75,7.61,116,4650,4859,0,,5,133777,24,17,7,3,11,84.7,8705,5.75,7.61,116,4650,4859,37,46,27,39,0,0,7,10,7,8,0,0,0,55447.1,51964.019277108426,13533.985542168679,15929.297297297297,11607.321739130435,668.0385542168676,0,49,10,0
6544,971211,48,2718,,2,6,93931,74,21,10,1,8,56.9,8427,1.12,1.54,107,1874,1913,0,,6,93931,74,21,10,1,8,56.9,8427,1.12,1.54,107,1874,1913,52,139,33,73,0,0,66,19,16,16,0,0,0,32928.2,53546.70890052357,8183.317277486912,15345.596153846154,5503.903597122303,172.40000000000012,1,23,21,0
5933,971213,24,3647,,0,1,148545,8,35,12,3,4,53.5,8909,4.01,5.56,113,3460,3590,0,,1,148545,8,35,12,3,4,53.5,8909,4.01,5.56,113,3460,3590,25,32,2,32,0,12,0,11,0,7,0,0,0,74816.0,42728.93157894737,8868.598245614035,11606.524,6729.59375,1312.5631578947368,1,46,12,1
6574,971220,36,2154,,2,2,88884,80,26,6,2,5,46.7,8507,1.67,1.85,132,2159,2674,0,,2,88884,80,26,6,2,5,46.7,8507,1.67,1.85,132,2159,2674,26,38,15,30,0,0,8,11,8,8,0,0,0,20750.2,37934.865625000006,10814.934375,13709.73076923077,8834.284210526315,324.221875,0,55,12,0
6399,971221,36,1370,,2,0,110643,49,41,4,1,4,51.9,8441,3.45,4.48,115,1879,2252,0,,0,110643,49,41,4,1,4,51.9,8441,3.45,4.48,115,1879,2252,29,52,16,32,0,0,20,13,10,9,0,0,0,26686.8,35987.26296296296,3852.4654320987647,5840.286206896551,2743.873076923077,329.467901234568,1,31,13,0
7187,971224,60,403,,2,5,159617,29,19,8,1,9,85.2,9198,3.33,4.28,131,5796,6132,0,,5,159617,29,19,8,1,9,85.2,9198,3.33,4.28,131,5796,6132,35,99,19,47,0,0,52,16,13,12,0,0,0,89121.5,78724.20970149255,5555.089552238806,11907.194285714286,3309.395959595959,665.0865671641792,1,59,17,0
6353,971225,24,4854,,2,0,117897,139,28,5,1,6,53.8,8814,4.76,5.74,107,2112,2059,0,,0,117897,139,28,5,1,6,53.8,8814,4.76,5.74,107,2112,2059,44,76,1,76,0,22,0,21,0,17,0,0,0,24270.5,41285.01833333333,11518.624166666666,15983.015909090907,8933.976315789472,202.2541666666663,1,39,22,0
5043,971225,60,7801,,1,3,112709,48,20,7,3,10,73.5,8369,1.79,2.31,117,2854,2618,0,,3,112709,48,20,7,3,10,73.5,8369,1.79,2.31,117,2854,2618,32,80,1,58,0,16,22,15,11,11,0,0,0,95234.6,59623.216071428564,13857.611607142857,25738.859375,9105.1125,850.3080357142857,0,50,15,1
5469,971226,60,4886,,2,3,139012,59,41,8,3,10,61.9,8363,2.52,3.49,108,2564,2799,0,,3,139012,59,41,8,3,10,61.9,8363,2.52,3.49,108,2564,2799,42,55,26,55,0,0,0,16,0,14,0,0,0,14840.8,49740.62371134021,12127.338144329897,14180.86666666667,10559.189090909089,153.00000000000009,0,19,17,0
5976,971227,48,9698,,2,1,226122,32,50,7,4,4,62.6,8994,3.80,4.79,110,9672,9208,0,,1,226122,32,50,7,4,4,62.6,8994,3.80,4.79,110,9672,9208,29,57,18,25,0,0,32,11,8,7,0,0,0,17274.4,26347.12441860465,5107.3348837209305,7870.7793103448275,3701.3719298245614,200.86511627906978,1,35,12,0
6147,971228,48,3698,,0,6,51428,50,11,3,1,4,52.7,8402,3.13,3.98,120,999,1099,0,,6,51428,50,11,3,1,4,52.7,8402,3.13,3.98,120,999,1099,38,48,21,48,0,0,0,17,0,16,0,0,0,19981.3,44723.355813953494,9661.806976744187,11196.01052631579,8447.229166666666,232.34186046511655,1,53,17,0
6254,971228,48,5165,,2,5,125236,28,11,1,4,5,87.7,9675,6.43,7.68,100,5323,5190,1,971223.0,5,125236,28,11,1,4,5,87.7,9675,6.43,7.68,100,5323,5190,36,47,24,37,0,0,10,12,10,9,0,0,0,20059.8,54799.85662650601,11110.320481927713,13086.338888888888,9596.774468085106,241.68433734939754,0,55,13,0
5799,971228,36,2948,,1,5,159617,29,19,8,1,9,85.2,9198,3.33,4.28,131,5796,6132,0,,5,159617,29,19,8,1,9,85.2,9198,3.33,4.28,131,5796,6132,24,28,3,28,0,11,0,10,0,6,0,0,0,51095.2,36071.942307692305,8468.101923076923,10238.262499999999,6950.821428571428,982.6019230769232,1,19,11,0
6059,971228,12,6652,,1,2,53921,61,22,1,1,2,41.3,8598,2.77,3.26,123,1597,1875,0,,2,53921,61,22,1,1,2,41.3,8598,2.77,3.26,123,1597,1875,14,17,9,14,0,0,3,5,3,3,0,0,0,38069.7,49309.00967741935,14454.187096774192,17362.485714285714,12059.117647058823,1228.0580645161288,1,40,5,0
7100,971231,60,5802,,2,1,42821,4,13,5,1,3,48.4,8173,,7.01,124,,1358,0,,1,42821,4,13,5,1,3,48.4,8173,,7.01,124,,1358,26,39,1,39,0,13,0,12,0,8,0,0,0,53621.6,58819.48769230769,14812.91076923077,19547.323076923076,11656.635897435895,824.9476923076919,0,35,12,0
7147,980102,48,5575,,1,1,285387,0,2,8,5,7,89.9,10177,6.63,7.75,81,9878,10108,0,,1,285387,0,2,8,5,7,89.9,10177,6.63,7.75,81,9878,10108,57,55,36,55,0,0,0,21,0,11,0,0,0,11562.7,62460.22678571428,13043.204464285713,12915.805263157898,13175.236363636364,103.24017857142839,0,39,22,0
5909,980103,60,1022,,2,0,124605,11,42,14,1,8,46.0,8772,4.69,4.98,126,2854,3158,0,,0,124605,11,42,14,1,8,46.0,8772,4.69,4.98,126,2854,3158,24,50,13,29,0,0,21,11,7,7,0,0,0,21118.6,23137.19054054054,2586.201351351351,4427.029166666666,1702.604,285.38513513513516,0,50,10,0
7037,980103,48,4543,,2,4,1204953,0,0,0,1,1,100.0,12541,0.29,0.43,167,85677,99107,0,,4,1204953,0,0,0,1,1,100.0,12541,0.29,0.43,167,85677,99107,15,24,1,18,0,7,6,7,3,3,0,0,0,42694.0,54315.558974358966,10188.81282051282,14668.593333333334,7388.95,1094.7205128205128,0,53,7,0
5782,980104,12,5298,,2,4,1204953,0,0,0,1,1,100.0,12541,0.29,0.43,167,85677,99107,0,,4,1204953,0,0,0,1,1,100.0,12541,0.29,0.43,167,85677,99107,20,12,2,12,0,6,0,12,0,2,0,0,0,43635.1,59128.587499999994,11790.425,10523.22,13902.433333333334,1363.6,0,37,6,0
6237,980106,48,8499,,2,6,51428,50,11,3,1,4,52.7,8402,3.13,3.98,120,999,1099,0,,6,51428,50,11,3,1,4,52.7,8402,3.13,3.98,120,999,1099,41,37,26,37,0,0,0,15,10,11,0,0,0,10763.9,14785.585897435894,3453.9115384615384,3416.6951219512193,3495.1513513513514,137.99871794871794,0,23,15,0
6552,980108,48,3551,,2,1,228848,15,40,18,2,6,57.2,9893,4.09,4.72,96,5623,5887,0,,1,228848,15,40,18,2,6,57.2,9893,4.09,4.72,96,5623,5887,32,53,17,43,0,0,10,15,10,11,0,0,0,41656.1,39297.335294117656,8292.202352941178,11663.95625,6256.426415094339,490.0705882352939,0,54,15,1
7067,980111,24,5682,,2,7,58400,65,16,4,1,6,52.4,8620,1.10,1.25,100,1089,1117,0,,7,58400,65,16,4,1,6,52.4,8620,1.10,1.25,100,1089,1117,25,34,17,27,0,0,7,8,7,6,0,0,0,51899.0,60593.8406779661,15067.189830508474,18817.264000000003,12309.782352941178,879.6440677966102,1,28,8,0
5320,980111,36,3991,,1,0,157042,49,70,18,0,9,33.9,8743,1.88,2.43,111,3659,3894,0,,0,157042,49,70,18,0,9,33.9,8743,1.88,2.43,111,3659,3894,27,45,13,23,0,0,22,14,7,7,0,0,0,16473.5,28370.441666666666,5917.831944444445,8195.514814814816,4551.222222222223,228.8041666666666,1,45,14,0
5930,980112,24,2779,,2,4,1204953,0,0,0,1,1,100.0,12541,0.29,0.43,167,85677,99107,0,,4,1204953,0,0,0,1,1,100.0,12541,0.29,0.43,167,85677,99107,10,6,7,5,0,0,1,3,1,1,0,0,0,67420.5,58360.68125000001,10860.60625,12059.509999999998,8862.433333333332,4213.78125,1,22,3,0
6486,980115,60,2536,,2,6,74062,99,15,4,2,7,61.4,8114,2.38,2.62,119,1003,1181,0,,6,74062,99,15,4,2,7,61.4,8114,2.38,2.62,119,1003,1181,45,76,4,60,0,21,16,20,16,16,0,0,0,19986.6,28077.731404958682,5783.188429752066,7997.248888888889,4472.231578947368,165.17851239669392,0,49,20,1
5245,980117,24,5228,,0,6,51428,50,11,3,1,4,52.7,8402,3.13,3.98,120,999,1099,0,,6,51428,50,11,3,1,4,52.7,8402,3.13,3.98,120,999,1099,32,45,23,37,0,0,8,9,8,8,0,0,0,50852.2,71376.04415584417,15077.016883116883,18798.165625,12430.866666666667,547.4324675324677,0,51,9,1
6643,980118,24,1494,,2,3,162580,83,26,5,1,6,72.8,9538,1.51,1.81,111,6079,5410,0,,3,162580,83,26,5,1,6,72.8,9538,1.51,1.81,111,6079,5410,35,60,19,48,0,0,12,16,12,12,0,0,0,77333.8,55660.65578947369,7941.095789473684,11881.968571428572,5642.253333333332,814.0389473684208,0,30,17,0
5260,980119,36,3425,,1,5,118650,8,8,5,1,3,85.6,9832,3.32,4.48,114,6445,5471,1,970622.0,5,118650,8,8,5,1,3,85.6,9832,3.32,4.48,114,6445,5471,40,50,26,48,2,0,0,14,0,10,0,0,0,49599.2,55026.619999999995,13272.657777777777,15551.73,11449.4,551.1022222222222,0,52,18,0
5569,980120,60,8400,,2,2,75232,55,26,4,1,5,41.7,8980,1.95,2.21,111,2824,2813,0,,2,75232,55,26,4,1,5,41.7,8980,1.95,2.21,111,2824,2813,61,63,40,45,0,0,18,21,18,17,0,0,0,25977.1,20942.59435483871,4163.917741935484,4445.108196721311,3891.653968253968,209.49516129032253,1,26,21,0
7110,980121,12,2605,,2,5,159617,29,19,8,1,9,85.2,9198,3.33,4.28,131,5796,6132,0,,5,159617,29,19,8,1,9,85.2,9198,3.33,4.28,131,5796,6132,51,80,30,63,0,0,17,21,17,17,0,0,0,13932.4,25084.423664122132,3881.654198473282,5121.85294117647,3091.0274999999997,106.35343511450372,1,29,21,1
7139,980122,12,1951,,2,1,226122,32,50,7,4,4,62.6,8994,3.80,4.79,110,9672,9208,1,970619.0,1,226122,32,50,7,4,4,62.6,8994,3.80,4.79,110,9672,9208,40,89,21,64,9,0,16,19,16,15,0,0,0,52566.3,54304.50852713178,7822.4224806201555,13270.7375,5373.741573033708,407.49224806201596,1,42,19,1
6791,980123,60,9444,,2,4,1204953,0,0,0,1,1,100.0,12541,0.29,0.43,167,85677,99107,0,,4,1204953,0,0,0,1,1,100.0,12541,0.29,0.43,167,85677,99107,32,45,14,22,0,0,23,18,6,5,0,0,0,29900.3,36640.322077922065,5104.6792207792205,6608.759375000001,4035.1111111111113,388.31558441558457,0,25,10,1
5360,980125,36,4898,,2,0,107911,88,33,6,2,7,50.9,8240,2.53,3.56,99,1850,1903,0,,0,107911,88,33,6,2,7,50.9,8240,2.53,3.56,99,1850,1903,41,130,2,66,0,20,64,19,16,15,0,0,0,36423.3,47164.91871345029,7444.476023391812,15968.643902439022,4756.084615384615,213.00233918128635,1,54,20,1
6553,980126,12,3532,,2,5,128118,9,16,6,3,8,85.3,9317,6.49,7.07,97,6949,6872,0,,5,128118,9,16,6,3,8,85.3,9317,6.49,7.07,97,6949,6872,44,88,29,62,0,0,26,15,13,13,0,0,0,23454.4,48865.98409090909,8414.379545454547,12888.097727272729,6177.520454545455,177.68560606060606,0,56,15,0
5287,980126,24,2676,,1,2,77963,60,23,4,2,4,51.5,8546,2.95,4.02,126,2640,3120,0,,2,77963,60,23,4,2,4,51.5,8546,2.95,4.02,126,2640,3120,25,22,11,18,0,0,4,14,4,4,0,0,0,23652.7,45735.83829787234,8091.161702127659,8078.744000000001,8105.272727272727,503.2468085106381,1,60,14,1
7072,980127,12,1842,,2,5,125236,28,11,1,4,5,87.7,9675,6.43,7.68,100,5323,5190,0,,5,125236,28,11,1,4,5,87.7,9675,6.43,7.68,100,5323,5190,25,48,14,32,0,0,16,11,8,7,0,0,0,39312.2,44135.94383561645,4537.708219178082,7411.3,3041.045833333333,538.5246575342467,0,32,12,0
6044,980127,12,4755,,1,1,228848,15,40,18,2,6,57.2,9893,4.09,4.72,96,5623,5887,0,,1,228848,15,40,18,2,6,57.2,9893,4.09,4.72,96,5623,5887,30,56,17,35,0,0,21,13,7,7,0,0,0,76442.4,46000.645348837206,9409.703488372093,14761.283333333331,6542.785714285715,888.8662790697673,1,54,13,0
5332,980129,36,1054,,2,4,1204953,0,0,0,1,1,100.0,12541,0.29,0.43,167,85677,99107,1,970828.0,4,1204953,0,0,0,1,1,100.0,12541,0.29,0.43,167,85677,99107,38,69,20,62,7,0,0,18,0,14,0,0,0,72915.1,61295.9691588785,8860.97289719626,13434.728947368421,6342.092753623188,681.4514018691585,0,31,19,0
6866,980205,24,5103,,2,1,42821,4,13,5,1,3,48.4,8173,,7.01,124,,1358,0,,1,42821,4,13,5,1,3,48.4,8173,,7.01,124,,1358,47,65,2,54,0,15,11,30,11,11,0,0,0,27731.4,48395.940178571436,12554.058035714286,15254.487234042552,10601.44,248.8151785714284,0,37,15,0
6633,980205,24,6694,,2,2,92084,55,29,4,3,5,46.7,10124,0.56,0.54,141,3810,4316,0,,2,92084,55,29,4,3,5,46.7,10124,0.56,0.54,141,3810,4316,57,89,36,89,0,0,0,21,0,19,0,0,0,95643.0,52422.49109589042,12154.313013698631,16405.022807017544,9431.948314606741,655.0883561643838,0,27,21,0
6926,980207,60,6246,,2,1,182027,17,49,12,2,7,56.4,8746,3.33,3.74,90,4355,4433,0,,1,182027,17,49,12,2,7,56.4,8746,3.33,3.74,90,4355,4433,32,80,2,49,0,15,31,15,11,11,0,0,0,45938.9,56102.474107142865,10749.780357142858,19529.68125,7237.82,410.03749999999997,1,46,15,1
6442,980208,48,4045,,2,0,161954,21,37,20,3,8,48.0,8720,3.73,4.5,116,3729,3651,0,,0,161954,21,37,20,3,8,48.0,8720,3.73,4.5,116,3729,3651,41,92,25,42,0,0,50,16,12,12,0,0,0,29713.9,28548.365413533833,3355.9578947368423,5805.565853658537,2264.284782608696,223.41353383458647,0,52,17,0
5889,980209,60,5354,,2,6,177686,69,27,10,1,9,74.8,10045,1.42,1.71,135,6604,6295,0,,6,177686,69,27,10,1,9,74.8,10045,1.42,1.71,135,6604,6295,55,81,38,81,0,0,0,17,0,15,0,0,0,37092.9,76826.46397058823,13228.341176470589,16692.116363636364,10876.395061728395,272.6352941176472,1,28,17,0
5765,980210,24,6414,,2,3,105606,77,26,7,2,7,53.0,8254,2.79,3.76,97,2166,2325,0,,3,105606,77,26,7,2,7,53.0,8254,2.79,3.76,97,2166,2325,8,3,1,3,0,4,0,3,0,0,0,0,0,100675.4,58031.62727272727,22625.03636363636,21846.925,24700.0,9152.30909090909,1,48,3,0
5124,980212,36,4336,,1,6,103347,87,16,7,1,7,67.0,9104,1.51,2.07,123,2299,2354,0,,6,103347,87,16,7,1,7,67.0,9104,1.51,2.07,123,2299,2354,14,19,2,17,0,6,2,6,2,2,0,0,0,28471.9,51641.833333333336,9528.360606060607,12246.707142857145,7525.368421052632,862.7848484848488,1,45,6,0
5491,980213,48,8933,,2,4,1204953,0,0,0,1,1,100.0,12541,0.29,0.43,167,85677,99107,0,,4,1204953,0,0,0,1,1,100.0,12541,0.29,0.43,167,85677,99107,39,71,25,38,0,0,33,14,11,10,0,0,0,8707.1,22133.73545454546,3808.9199999999996,5483.184615384616,2889.253521126761,79.15636363636374,1,61,14,1
6730,980215,12,7753,,2,0,387570,0,0,0,1,1,100.0,9897,1.60,1.96,140,18721,18696,0,,0,387570,0,0,0,1,1,100.0,9897,1.60,1.96,140,18721,18696,45,59,2,59,0,15,0,28,0,10,0,0,0,57467.8,53890.64326923077,14395.114423076922,17272.886666666665,12200.203389830509,552.5759615384615,0,17,14,0
7151,980218,24,5575,,2,2,107870,84,29,6,1,6,58.0,8754,3.83,4.31,137,3804,3868,0,,2,107870,84,29,6,1,6,58.0,8754,3.83,4.31,137,3804,3868,33,60,20,42,0,0,18,13,9,9,0,0,0,36126.5,45733.43548387097,9527.584946236559,13972.60606060606,7082.823333333333,388.45806451612896,1,56,13,0
5140,980224,60,2975,,2,1,182027,17,49,12,2,7,56.4,8746,3.33,3.74,90,4355,4433,0,,1,182027,17,49,12,2,7,56.4,8746,3.33,3.74,90,4355,4433,25,39,16,23,0,0,16,9,6,5,0,0,0,19397.6,21491.790624999998,2712.9625,3860.5440000000003,1977.3333333333333,303.0875,0,26,9,0
7171,980224,48,4088,,2,1,127369,31,32,13,2,7,51.2,8369,4.73,5.88,107,3736,2807,0,,1,127369,31,32,13,2,7,51.2,8369,4.73,5.88,107,3736,2807,12,11,1,10,0,6,1,5,1,1,0,0,0,80679.6,72465.66956521742,23166.12608695652,25562.524999999998,20551.872727272726,3507.8130434782615,1,47,5,0
6568,980225,60,3674,,1,3,102609,75,33,2,3,6,52.0,8187,4.83,5.45,94,2123,2134,0,,3,102609,75,33,2,3,6,52.0,8187,4.83,5.45,94,2123,2134,34,41,16,35,0,0,6,18,6,6,0,0,0,31401.9,38280.102666666666,7381.598666666667,8603.261764705883,6368.512195121952,418.69200000000023,0,42,21,0
6861,980228,60,3584,,2,7,72541,66,26,10,0,8,36.9,8594,1.62,2.01,112,1580,1525,0,,7,72541,66,26,10,0,8,36.9,8594,1.62,2.01,112,1580,1525,38,44,1,44,0,13,0,24,0,8,0,0,0,38003.2,37189.77195121952,6970.063414634145,8020.37894736842,6062.972727272729,463.458536585366,0,37,13,0
6855,980301,36,1451,,2,2,81344,61,23,4,2,6,55.3,8899,3.39,3.97,149,2987,2487,0,,2,81344,61,23,4,2,6,55.3,8899,3.39,3.97,149,2987,2487,51,50,23,40,0,0,10,28,10,10,0,0,0,37291.3,33782.06138613862,2807.974257425742,3147.4392156862746,2461.72,370.62772277227725,1,59,14,1
7129,980301,60,3238,,2,4,1204953,0,0,0,1,1,100.0,12541,0.29,0.43,167,85677,99107,0,,4,1204953,0,0,0,1,1,100.0,12541,0.29,0.43,167,85677,99107,29,84,15,45,0,0,39,14,10,10,0,0,0,30653.4,48180.37787610619,6314.964601769911,12831.551724137931,4065.1904761904757,271.1415929203539,1,28,14,0
6859,980307,60,4537,,2,0,124605,11,42,14,1,8,46.0,8772,4.69,4.98,126,2854,3158,0,,0,124605,11,42,14,1,8,46.0,8772,4.69,4.98,126,2854,3158,38,42,18,26,0,0,16,20,5,6,0,0,0,37464.6,39041.91875,7196.52375,8068.244736842108,6407.823809523809,468.30874999999986,0,57,11,0
5384,980307,12,1944,,2,3,95907,87,25,5,2,7,59.1,8388,2.41,2.94,87,1658,1668,0,,3,95907,87,25,5,2,7,59.1,8388,2.41,2.94,87,1658,1668,14,13,8,11,0,0,2,6,2,2,0,0,0,27807.9,40311.637037037035,7965.125925925926,8673.8,7201.938461538462,1029.9259259259259,0,33,6,1
5772,980308,60,5577,,2,3,139012,59,41,8,3,10,61.9,8363,2.52,3.49,108,2564,2799,0,,3,139012,59,41,8,3,10,61.9,8363,2.52,3.49,108,2564,2799,17,18,1,18,0,8,0,8,0,4,0,0,0,49944.1,64863.95428571428,15017.225714285712,16927.852941176472,13212.744444444445,1426.9742857142855,0,36,8,1
5665,980311,12,3386,,1,2,107870,84,29,6,1,6,58.0,8754,3.83,4.31,137,3804,3868,0,,2,107870,84,29,6,1,6,58.0,8754,3.83,4.31,137,3804,3868,31,87,2,46,0,15,41,14,10,10,0,0,0,48931.1,48478.59067796608,5188.519491525424,10664.13870967742,3237.4367816091954,414.67203389830513,0,52,14,0
6495,980312,12,4087,,2,2,75637,35,36,9,0,7,36.5,9622,0.45,0.59,154,3475,3529,0,,2,75637,35,36,9,0,7,36.5,9622,0.45,0.59,154,3475,3529,11,11,6,9,0,0,2,5,2,2,0,0,0,25180.7,49296.52272727271,16456.872727272726,17601.454545454544,15312.29090909091,1144.581818181819,0,44,5,0
5061,980313,48,1756,,2,7,45714,52,10,5,1,6,55.6,8843,2.82,3.6,113,818,888,0,,7,45714,52,10,5,1,6,55.6,8843,2.82,3.6,113,818,888,33,52,19,42,0,0,10,14,10,10,0,0,0,41126.2,25727.382352941186,5942.5682352941185,8252.190909090908,4476.846153846153,465.0152941176471,0,40,14,0
6948,980315,36,4363,,2,4,1204953,0,0,0,1,1,100.0,12541,0.29,0.43,167,85677,99107,0,,4,1204953,0,0,0,1,1,100.0,12541,0.29,0.43,167,85677,99107,14,7,6,7,0,0,0,8,0,0,0,0,0,38635.4,38742.92380952381,10315.961904761905,9116.8,12714.285714285714,1839.7714285714292,0,26,8,0
5773,980316,24,5577,,2,5,114006,71,26,6,2,9,62.3,9065,4.46,5.39,123,4147,4166,0,,5,114006,71,26,6,2,9,62.3,9065,4.46,5.39,123,4147,4166,44,68,22,68,0,0,0,22,0,20,0,0,0,9985.9,42220.02946428572,9549.216964285715,12267.029545454547,7790.632352941177,89.16339285714278,0,37,22,0
6052,980323,36,621,,2,2,95616,65,30,4,1,6,51.4,9307,3.85,4.43,118,2616,3040,0,,2,95616,65,30,4,1,6,51.4,9307,3.85,4.43,118,2616,3040,24,30,14,23,0,0,7,10,7,6,0,0,0,17213.5,25150.975925925926,2960.05,3688.6708333333336,2377.1533333333336,318.76851851851865,1,57,10,0
6682,980330,12,3017,,2,3,102609,75,33,2,3,6,52.0,8187,4.83,5.45,94,2123,2134,0,,3,102609,75,33,2,3,6,52.0,8187,4.83,5.45,94,2123,2134,63,52,2,52,0,16,0,45,0,11,0,3,0,2830.7,31916.898260869573,5640.358260869565,5170.414285714286,6209.713461538461,24.617391304347827,1,60,15,0
6083,980331,48,5011,,2,3,162580,83,26,5,1,6,72.8,9538,1.51,1.81,111,6079,5410,0,,3,162580,83,26,5,1,6,72.8,9538,1.51,1.81,111,6079,5410,37,54,2,54,0,18,0,17,0,13,0,0,0,10421.7,41135.01098901099,12941.090109890112,16054.875675675676,10807.57037037037,114.5230769230765,1,41,18,0
6962,980402,48,5814,,1,4,1204953,0,0,0,1,1,100.0,12541,0.29,0.43,167,85677,99107,0,,4,1204953,0,0,0,1,1,100.0,12541,0.29,0.43,167,85677,99107,40,46,27,46,0,0,0,13,0,8,0,0,0,21528.3,43095.511627906955,12324.537209302325,13517.605,11287.08695652174,249.97906976744198,1,29,20,1
5158,980411,36,5237,,2,1,285387,0,2,8,5,7,89.9,10177,6.63,7.75,81,9878,10108,0,,1,285387,0,2,8,5,7,89.9,10177,6.63,7.75,81,9878,10108,61,87,42,87,0,0,0,19,0,16,0,0,0,22144.8,64193.40472972973,15490.919594594598,18973.77868852459,13048.914942528736,149.62770270270366,0,22,21,0
6464,980416,24,2062,,2,1,161227,5,35,11,4,10,69.7,8678,5.93,5.57,102,4980,4595,1,980402.0,1,161227,5,35,11,4,10,69.7,8678,5.93,5.57,102,4980,4595,18,14,3,14,0,8,0,7,0,3,0,0,0,59456.1,50541.553125,9749.86875,10318.111111111111,9019.271428571428,1858.0062500000004,0,56,7,0
5172,980416,36,1416,,2,3,77917,85,19,6,1,5,53.5,8390,2.28,2.89,132,2080,2122,0,,3,77917,85,19,6,1,5,53.5,8390,2.28,2.89,132,2080,2122,38,85,22,47,0,0,38,16,12,12,0,0,0,21313.1,28050.29918699187,3641.134146341463,6173.323684210526,2509.096470588235,173.2772357723578,1,18,16,0
5582,980417,12,3438,,2,6,51428,50,11,3,1,4,52.7,8402,3.13,3.98,120,999,1099,3,970106.0,6,51428,50,11,3,1,4,52.7,8402,3.13,3.98,120,999,1099,48,167,3,85,7,23,75,22,19,18,0,0,0,80066.5,63500.406976744176,11082.800930232559,25653.175,6894.908982035929,371.6399999999999,1,59,22,1
6136,980419,60,2348,,2,6,58796,22,16,7,1,5,51.9,9045,3.13,3.6,124,1845,1879,0,,6,58796,22,16,7,1,5,51.9,9045,3.13,3.6,124,1845,1879,18,25,10,21,0,0,4,8,4,4,0,0,0,13759.2,45160.51162790698,10815.493023255814,13300.71111111111,9026.136,319.9860465116281,1,40,8,0
6235,980419,60,5356,,2,7,122603,25,21,6,2,8,80.0,8991,1.39,2.01,128,5198,5273,0,,7,122603,25,21,6,2,8,80.0,8991,1.39,2.01,128,5198,5273,43,97,4,81,0,20,16,19,16,15,0,0,0,51923.7,52905.40714285715,11343.968571428572,19070.688372093024,7918.721649484536,370.88285714285615,1,23,19,0
6508,980419,48,2307,,1,6,51428,50,11,3,1,4,52.7,8402,3.13,3.98,120,999,1099,0,,6,51428,50,11,3,1,4,52.7,8402,3.13,3.98,120,999,1099,23,32,6,19,0,9,13,8,4,4,0,0,0,34826.1,30696.238181818193,4766.714545454546,6451.404347826086,3555.84375,629.0054545454547,0,58,8,0
4968,980419,48,2307,,1,6,51428,50,11,3,1,4,52.7,8402,3.13,3.98,120,999,1099,0,,6,51428,50,11,3,1,4,52.7,8402,3.13,3.98,120,999,1099,23,32,6,19,0,9,13,8,4,4,0,0,0,37416.7,31383.449090909085,4716.194545454546,6452.3347826086965,3468.34375,680.3036363636364,0,58,8,0
7195,980423,48,7066,,2,3,112709,48,20,7,3,10,73.5,8369,1.79,2.31,117,2854,2618,0,,3,112709,48,20,7,3,10,73.5,8369,1.79,2.31,117,2854,2618,28,23,19,17,0,0,6,9,6,5,0,0,0,28677.8,28634.139215686275,3591.366666666667,3782.8107142857143,3358.304347826087,562.3078431372548,0,56,9,0
6632,980423,48,3020,,2,2,81344,61,23,4,2,6,55.3,8899,3.39,3.97,149,2987,2487,0,,2,81344,61,23,4,2,6,55.3,8899,3.39,3.97,149,2987,2487,58,88,39,71,0,0,17,19,17,17,0,0,0,29245.0,64162.669178082186,13557.819178082193,17316.26551724138,11080.661363636364,200.30958904109556,0,31,19,0
5525,980427,36,2608,,1,2,88884,80,26,6,2,5,46.7,8507,1.67,1.85,132,2159,2674,0,,2,88884,80,26,6,2,5,46.7,8507,1.67,1.85,132,2159,2674,37,54,27,36,0,0,18,10,9,8,0,0,0,75158.7,69554.29230769232,14420.754945054947,18749.289189189185,11454.907407407407,825.91978021978,1,61,10,1
6320,980428,12,8747,,2,2,77963,60,23,4,2,4,51.5,8546,2.95,4.02,126,2640,3120,0,,2,77963,60,23,4,2,4,51.5,8546,2.95,4.02,126,2640,3120,46,78,26,61,0,0,17,20,17,16,0,0,0,32793.3,41026.3314516129,6717.295967741936,9410.197826086956,5129.174358974358,264.4637096774192,1,31,21,0
6766,980428,24,3098,,2,4,1204953,0,0,0,1,1,100.0,12541,0.29,0.43,167,85677,99107,0,,4,1204953,0,0,0,1,1,100.0,12541,0.29,0.43,167,85677,99107,53,73,1,60,0,18,13,34,13,13,0,0,0,52767.8,45497.74206349206,11075.569841269842,13663.11320754717,9196.942465753425,418.79523809523795,0,40,18,0
6872,980429,60,3193,,2,3,121947,37,28,7,3,11,70.5,8541,2.51,2.97,131,3496,3839,0,,3,121947,37,28,7,3,11,70.5,8541,2.51,2.97,131,3496,3839,20,10,10,6,0,0,4,10,2,1,0,0,0,17266.7,18241.44,2356.2633333333333,2198.865,2671.06,575.5566666666667,0,32,5,0
5906,980505,36,2254,,2,1,228848,15,40,18,2,6,57.2,9893,4.09,4.72,96,5623,5887,0,,1,228848,15,40,18,2,6,57.2,9893,4.09,4.72,96,5623,5887,26,25,19,22,0,0,3,7,3,4,0,0,0,65800.3,67815.17450980392,18149.901960784315,19066.253846153846,17196.896,1290.2,0,53,9,0
7172,980507,12,3810,,2,4,1204953,0,0,0,1,1,100.0,12541,0.29,0.43,167,85677,99107,0,,4,1204953,0,0,0,1,1,100.0,12541,0.29,0.43,167,85677,99107,27,59,1,41,0,13,18,13,9,9,0,0,0,29108.8,41690.6,9538.880232558138,15730.603703703706,6705.379661016948,338.4755813953487,0,19,13,0
6571,980512,24,5836,,1,6,51428,50,11,3,1,4,52.7,8402,3.13,3.98,120,999,1099,0,,6,51428,50,11,3,1,4,52.7,8402,3.13,3.98,120,999,1099,46,96,2,96,0,22,0,22,0,18,0,0,0,73874.0,66051.94507042253,13771.423239436619,22058.871739130434,9800.354166666666,520.2401408450703,0,47,22,0
5616,980515,24,5454,,2,5,85852,41,23,4,2,4,59.8,8965,7.08,8.23,104,2653,2822,0,,5,85852,41,23,4,2,4,59.8,8965,7.08,8.23,104,2653,2822,53,60,35,46,0,0,14,18,14,14,0,0,0,43648.0,31685.09911504425,3674.413274336283,4328.835849056604,3096.3399999999997,386.2646017699115,0,43,18,1
6312,980517,36,304,,2,5,125236,28,11,1,4,5,87.7,9675,6.43,7.68,100,5323,5190,0,,5,125236,28,11,1,4,5,87.7,9675,6.43,7.68,100,5323,5190,57,108,36,54,0,0,54,21,18,17,0,0,0,29034.9,22935.072121212117,1566.857575757576,2522.514035087719,1062.4833333333333,175.97030303030297,1,46,21,0
6470,980517,12,4156,,0,1,148545,8,35,12,3,4,53.5,8909,4.01,5.56,113,3460,3590,0,,1,148545,8,35,12,3,4,53.5,8909,4.01,5.56,113,3460,3590,58,157,36,73,0,0,84,22,21,21,0,0,0,76514.2,50265.36186046512,6030.317209302325,11836.486206896552,3885.3630573248406,355.88000000000005,0,31,22,0
5501,980521,24,5681,,2,4,1204953,0,0,0,1,1,100.0,12541,0.29,0.43,167,85677,99107,0,,4,1204953,0,0,0,1,1,100.0,12541,0.29,0.43,167,85677,99107,57,73,37,56,0,0,17,20,17,16,0,0,0,39847.5,31673.896923076925,4987.943846153846,6037.545614035087,4168.391780821918,306.5192307692308,0,33,21,1
5147,980521,60,371,,2,1,285387,0,2,8,5,7,89.9,10177,6.63,7.75,81,9878,10108,0,,1,285387,0,2,8,5,7,89.9,10177,6.63,7.75,81,9878,10108,13,2,9,2,0,0,0,4,0,0,0,0,0,31277.6,23066.613333333335,3258.5066666666667,3082.8923076923074,4400.0,2085.173333333333,0,57,5,0
6436,980522,60,8253,,2,1,42821,4,13,5,1,3,48.4,8173,,7.01,124,,1358,0,,1,42821,4,13,5,1,3,48.4,8173,,7.01,124,,1358,14,17,1,17,0,7,0,6,0,2,0,0,0,34235.5,44813.422580645165,22957.867741935486,26640.33571428572,19925.24705882353,1104.3709677419354,0,18,7,0
5699,980524,24,7290,,2,3,102609,75,33,2,3,6,52.0,8187,4.83,5.45,94,2123,2134,0,,3,102609,75,33,2,3,6,52.0,8187,4.83,5.45,94,2123,2134,58,85,37,85,0,0,0,21,0,19,0,0,0,71242.6,58926.411188811195,11944.70909090909,15339.103448275862,9628.534117647057,498.20000000000067,0,20,22,0
5313,980527,24,1800,,2,5,159617,29,19,8,1,9,85.2,9198,3.33,4.28,131,5796,6132,0,,5,159617,29,19,8,1,9,85.2,9198,3.33,4.28,131,5796,6132,21,33,12,28,0,0,5,9,5,5,0,0,0,37619.2,36159.705555555556,4853.061111111111,7135.3476190476185,3400.6969696969695,696.6537037037039,0,49,10,0
6234,980528,12,429,,2,4,1204953,0,0,0,1,1,100.0,12541,0.29,0.43,167,85677,99107,0,,4,1204953,0,0,0,1,1,100.0,12541,0.29,0.43,167,85677,99107,28,52,15,43,0,0,9,13,9,9,0,0,0,49297.2,43197.28125,7503.725,11599.914285714287,5298.084615384616,616.215,0,35,14,0
6569,980528,12,3788,,2,2,53921,61,22,1,1,2,41.3,8598,2.77,3.26,123,1597,1875,0,,2,53921,61,22,1,1,2,41.3,8598,2.77,3.26,123,1597,1875,23,33,2,33,0,11,0,10,0,6,0,0,0,57100.5,39247.387500000004,8875.532142857142,12046.313043478262,6665.59393939394,1019.6535714285716,0,51,10,0
7202,980529,48,2931,,2,6,93931,74,21,10,1,8,56.9,8427,1.12,1.54,107,1874,1913,0,,6,93931,74,21,10,1,8,56.9,8427,1.12,1.54,107,1874,1913,36,49,24,49,0,0,0,12,0,11,0,0,0,24699.7,54575.39882352942,11268.504705882353,13646.14722222222,9521.665306122448,290.58470588235264,1,56,13,1
5683,980529,48,2931,,2,6,93931,74,21,10,1,8,56.9,8427,1.12,1.54,107,1874,1913,0,,6,93931,74,21,10,1,8,56.9,8427,1.12,1.54,107,1874,1913,36,49,24,49,0,0,0,12,0,11,0,0,0,26863.5,57514.34705882353,11244.550588235294,13647.922222222223,9478.808163265305,316.0423529411766,1,56,13,1
5034,980530,36,3132,,2,1,161227,5,35,11,4,10,69.7,8678,5.93,5.57,102,4980,4595,0,,1,161227,5,35,11,4,10,69.7,8678,5.93,5.57,102,4980,4595,47,82,26,64,0,0,18,21,18,17,0,0,0,48916.6,44659.649612403104,5585.435658914728,8185.510638297872,4095.1487804878043,379.20000000000016,0,42,22,0
5435,980601,48,6556,,1,2,88884,80,26,6,2,5,46.7,8507,1.67,1.85,132,2159,2674,1,971009.0,2,88884,80,26,6,2,5,46.7,8507,1.67,1.85,132,2159,2674,40,67,2,66,1,19,0,19,0,15,0,0,0,43170.7,53094.364485981314,14847.726168224299,20398.092500000002,11534.074626865671,403.18411214953295,1,24,19,0
5815,980603,36,4200,,2,2,77963,60,23,4,2,4,51.5,8546,2.95,4.02,126,2640,3120,0,,2,77963,60,23,4,2,4,51.5,8546,2.95,4.02,126,2640,3120,22,18,14,16,0,0,2,8,2,3,0,0,0,59126.9,66345.6825,17701.1625,17435.75909090909,18025.544444444444,1478.1725000000006,1,51,7,0
5589,980605,48,8125,,0,3,95907,87,25,5,2,7,59.1,8388,2.41,2.94,87,1658,1668,0,,3,95907,87,25,5,2,7,59.1,8388,2.41,2.94,87,1658,1668,23,21,18,15,0,0,6,5,3,3,0,0,0,23299.6,48798.69772727273,10797.127272727274,10832.02608695652,10758.904761904761,527.2636363636364,1,50,16,0
6746,980606,60,3094,,2,3,112709,48,20,7,3,10,73.5,8369,1.79,2.31,117,2854,2618,0,,3,112709,48,20,7,3,10,73.5,8369,1.79,2.31,117,2854,2618,30,25,3,25,0,9,0,18,0,5,0,0,0,21581.8,29159.44181818182,6177.987272727272,6022.61,6364.44,392.1327272727273,0,35,9,0
6790,980608,24,3171,,2,0,145688,22,41,13,2,5,40.7,8544,1.29,1.86,109,2719,2906,0,,0,145688,22,41,13,2,5,40.7,8544,1.29,1.86,109,2719,2906,44,37,22,23,0,0,14,22,7,7,0,0,0,27476.0,20237.19259259259,2043.761728395062,2193.420454545454,1865.7891891891895,339.2135802469135,0,36,11,1
6857,980608,48,1450,,2,0,197099,29,41,10,2,10,74.7,9624,1.60,2.31,145,4484,4265,0,,0,197099,29,41,10,2,10,74.7,9624,1.60,2.31,145,4484,4265,74,144,31,72,0,0,72,43,18,18,0,0,0,71208.5,40349.88486238533,3603.094495412844,5788.402702702703,2480.0888888888885,326.6467889908257,1,29,22,1
6450,980610,48,4882,,2,4,1204953,0,0,0,1,1,100.0,12541,0.29,0.43,167,85677,99107,0,,4,1204953,0,0,0,1,1,100.0,12541,0.29,0.43,167,85677,99107,46,123,3,71,0,22,52,21,17,17,0,0,0,66812.9,42818.502958579884,8040.113609467456,15489.826086956522,5254.042276422764,392.21775147928986,0,26,21,0
7221,980611,60,2541,,1,7,88757,60,33,3,2,10,61.7,8554,2.47,2.68,113,1822,2218,0,,7,88757,60,33,3,2,10,61.7,8554,2.47,2.68,113,1822,2218,36,82,6,38,0,15,44,15,11,11,0,0,0,9641.6,20874.116101694926,4535.1161016949145,7566.463888888889,3204.2804878048782,81.70932203389827,0,46,15,0
5527,980615,60,2607,,1,3,139012,59,41,8,3,10,61.9,8363,2.52,3.49,108,2564,2799,0,,3,139012,59,41,8,3,10,61.9,8363,2.52,3.49,108,2564,2799,25,38,14,31,0,0,7,11,7,7,0,0,0,22039.7,49909.155555555575,10600.503174603175,13797.428,8497.263157894737,349.8365079365081,1,41,11,0
5620,980616,12,2501,,2,3,78955,50,24,8,1,9,59.0,9060,1.78,2.44,124,1655,1717,0,,3,78955,50,24,8,1,9,59.0,9060,1.78,2.44,124,1655,1717,47,56,26,56,0,0,0,21,0,12,0,0,0,94720.3,46609.34854368932,9240.998058252428,11133.43829787234,7652.699999999999,919.6155339805822,1,44,21,0
7167,980618,36,7499,,2,6,93931,74,21,10,1,8,56.9,8427,1.12,1.54,107,1874,1913,2,980430.0,6,93931,74,21,10,1,8,56.9,8427,1.12,1.54,107,1874,1913,24,51,1,43,0,12,8,11,8,7,0,0,0,66463.8,61366.869333333336,14799.282666666666,24508.541666666668,10230.219607843137,886.1839999999999,0,19,11,0
6215,980618,48,1640,,2,7,67298,71,19,10,0,7,43.8,8561,0.65,1.29,110,1029,1127,0,,7,67298,71,19,10,0,7,43.8,8561,0.65,1.29,110,1029,1127,26,45,14,37,0,0,8,12,8,8,0,0,0,66220.2,45921.198591549306,7910.054929577464,12073.734615384617,5504.373333333333,932.6802816901406,0,54,12,0
5823,980621,36,5916,,2,4,1204953,0,0,0,1,1,100.0,12541,0.29,0.43,167,85677,99107,0,,4,1204953,0,0,0,1,1,100.0,12541,0.29,0.43,167,85677,99107,62,87,42,69,0,0,18,20,18,18,0,0,0,53222.2,49635.71543624161,12327.571140939597,15242.182258064517,10250.49195402299,357.1979865771812,0,24,22,1
6207,980623,60,3077,,2,3,77917,85,19,6,1,5,53.5,8390,2.28,2.89,132,2080,2122,0,,3,77917,85,19,6,1,5,53.5,8390,2.28,2.89,132,2080,2122,43,70,4,55,0,20,15,19,15,15,0,0,0,39023.4,34785.53451327434,7164.738053097345,9867.893023255812,5504.228571428572,345.33982300884935,0,34,19,0
6932,980625,48,4698,,1,2,94725,38,28,1,3,6,63.4,9920,2.26,2.87,130,4289,4846,2,971003.0,2,94725,38,28,1,3,6,63.4,9920,2.26,2.87,130,4289,4846,46,135,1,78,2,23,55,22,18,18,0,0,0,98236.7,57411.608287292824,11636.811049723756,23961.952173913043,7437.133333333333,542.7447513812151,1,18,22,0
5669,980627,36,1995,,2,0,86513,38,36,5,1,5,50.5,8288,3.79,4.52,110,1562,1460,0,,0,86513,38,36,5,1,5,50.5,8288,3.79,4.52,110,1562,1460,31,48,19,48,0,0,0,12,0,10,0,0,0,42629.7,54293.592405063304,10139.363291139241,13607.087096774194,7899.791666666667,539.6164556962027,1,34,13,0
5154,980701,60,1812,,2,2,77963,60,23,4,2,4,51.5,8546,2.95,4.02,126,2640,3120,0,,2,77963,60,23,4,2,4,51.5,8546,2.95,4.02,126,2640,3120,34,30,15,30,0,0,0,19,0,5,0,0,0,41353.1,50883.196874999994,9952.196875000001,9974.69411764706,9926.7,645.9156250000002,0,31,19,0
7168,980705,36,5787,,2,2,88884,80,26,6,2,5,46.7,8507,1.67,1.85,132,2159,2674,0,,2,88884,80,26,6,2,5,46.7,8507,1.67,1.85,132,2159,2674,37,87,1,73,0,18,14,18,14,14,0,0,0,27282.7,64087.07016129033,15349.254838709678,26089.05945945946,10781.751724137932,220.022580645161,0,18,18,0
5585,980708,12,7384,,0,0,125832,151,41,2,3,5,48.3,8512,3.51,4.12,102,2247,2103,0,,0,125832,151,41,2,3,5,48.3,8512,3.51,4.12,102,2247,2103,62,72,41,72,0,0,0,21,0,18,0,0,0,28833.5,51249.12985074627,11850.011940298507,13038.187096774192,10826.861111111111,215.17611940298576,1,50,20,1
6539,980711,12,1066,,2,0,124605,11,42,14,1,8,46.0,8772,4.69,4.98,126,2854,3158,0,,0,124605,11,42,14,1,8,46.0,8772,4.69,4.98,126,2854,3158,35,43,22,34,0,0,9,13,9,9,0,0,0,38120.5,28534.93717948718,2558.9641025641026,3395.994285714286,1877.6604651162793,488.72307692307703,0,24,13,0
7200,980711,60,519,,2,1,127369,31,32,13,2,7,51.2,8369,4.73,5.88,107,3736,2807,0,,1,127369,31,32,13,2,7,51.2,8369,4.73,5.88,107,3736,2807,27,23,17,23,0,0,0,10,0,6,0,0,0,36627.3,28375.804,2532.05,3022.774074074074,1955.982608695652,732.546,1,21,10,0
5042,980712,48,6908,,2,3,95907,87,25,5,2,7,59.1,8388,2.41,2.94,87,1658,1668,0,,3,95907,87,25,5,2,7,59.1,8388,2.41,2.94,87,1658,1668,40,61,21,61,0,0,0,19,0,15,0,0,0,55494.8,42007.366336633655,9274.979207920791,12403.3475,7223.5901639344265,549.4544554455442,0,25,19,1
5015,980712,12,9112,,2,1,285387,0,2,8,5,7,89.9,10177,6.63,7.75,81,9878,10108,1,971205.0,1,285387,0,2,8,5,7,89.9,10177,6.63,7.75,81,9878,10108,43,50,27,36,1,0,13,16,13,12,0,0,0,66657.0,48376.25806451612,7501.674193548388,8887.360465116279,6309.9839999999995,716.7451612903226,0,53,16,0
6357,980712,60,1081,,2,5,85852,41,23,4,2,4,59.8,8965,7.08,8.23,104,2653,2822,0,,5,85852,41,23,4,2,4,59.8,8965,7.08,8.23,104,2653,2822,39,93,21,51,0,0,42,18,14,14,0,0,0,54222.1,44890.03333333333,3912.840151515152,7316.884615384615,2485.3376344086023,410.7734848484849,0,18,18,0
5774,980712,36,2694,,2,2,112065,95,19,7,1,8,69.4,11277,1.25,1.44,127,5179,4987,0,,2,112065,95,19,7,1,8,69.4,11277,1.25,1.44,127,5179,4987,21,34,2,17,0,10,17,9,6,5,0,0,0,13446.7,21298.779999999995,6375.06909090909,8668.466666666667,4958.558823529412,244.4872727272729,1,26,9,0
5354,980714,60,4847,,2,2,95616,65,30,4,1,6,51.4,9307,3.85,4.43,118,2616,3040,0,,2,95616,65,30,4,1,6,51.4,9307,3.85,4.43,118,2616,3040,25,59,14,36,0,0,23,11,8,7,0,0,0,53388.9,44617.080952380944,5449.588095238096,10223.088,3426.9186440677963,635.5833333333334,1,60,11,0
6054,980716,12,4897,,2,0,387570,0,0,0,1,1,100.0,9897,1.60,1.96,140,18721,18696,0,,0,387570,0,0,0,1,1,100.0,9897,1.60,1.96,140,18721,18696,21,13,9,13,0,0,0,12,0,1,0,0,0,55172.0,32543.264705882353,9266.1,8814.752380952381,9995.2,1622.7117647058822,0,52,16,1
7295,980718,60,4674,,2,0,387570,0,0,0,1,1,100.0,9897,1.60,1.96,140,18721,18696,0,,0,387570,0,0,0,1,1,100.0,9897,1.60,1.96,140,18721,18696,47,59,28,59,0,0,0,19,0,15,0,0,0,31303.2,38619.10283018868,8138.691509433963,9510.687234042553,7045.745762711865,295.31415094339593,0,45,20,0
5365,980719,60,4521,,2,5,114006,71,26,6,2,9,62.3,9065,4.46,5.39,123,4147,4166,0,,5,114006,71,26,6,2,9,62.3,9065,4.46,5.39,123,4147,4166,33,40,19,30,0,0,10,14,10,10,0,0,0,11584.9,14873.378082191779,4752.286301369863,5431.845454545455,4191.65,158.69726027397266,1,27,15,0
6755,980724,60,2845,,2,0,107911,88,33,6,2,7,50.9,8240,2.53,3.56,99,1850,1903,0,,0,107911,88,33,6,2,7,50.9,8240,2.53,3.56,99,1850,1903,47,44,7,44,0,14,0,26,0,9,0,0,0,27372.9,28620.3978021978,6021.058241758242,6120.104255319149,5915.25909090909,300.8076923076922,1,26,14,0
5991,980727,48,6983,,2,1,106054,38,25,6,2,6,63.1,8110,5.77,6.55,109,3244,3079,0,,1,106054,38,25,6,2,6,63.1,8110,5.77,6.55,109,3244,3079,38,50,1,50,0,13,0,24,0,8,0,2,0,16401.1,38710.01136363636,13247.83181818182,15555.405263157896,11494.076000000001,186.38181818181783,0,20,13,0
7035,980729,36,5854,,2,0,197099,29,41,10,2,10,74.7,9624,1.60,2.31,145,4484,4265,0,,0,197099,29,41,10,2,10,74.7,9624,1.60,2.31,145,4484,4265,16,23,1,19,0,8,4,7,4,3,0,0,0,31772.1,51175.19230769232,15475.120512820511,19853.18125,12429.513043478262,814.6692307692307,1,19,8,0
5893,980803,36,2394,,1,6,74062,99,15,4,2,7,61.4,8114,2.38,2.62,119,1003,1181,0,,6,74062,99,15,4,2,7,61.4,8114,2.38,2.62,119,1003,1181,34,50,2,39,0,16,11,16,11,12,0,0,0,28834.1,28459.645238095247,5841.597619047619,7639.682352941176,4618.9,342.90714285714273,1,29,15,0
7164,980815,48,5204,,2,0,157042,49,70,18,0,9,33.9,8743,1.88,2.43,111,3659,3894,0,,0,157042,49,70,18,0,9,33.9,8743,1.88,2.43,111,3659,3894,21,24,2,24,0,10,0,9,0,5,0,0,0,70038.5,58128.03111111111,14423.168888888888,17120.980952380953,12062.583333333334,1556.4133333333327,1,33,9,0
5304,980820,24,7178,,2,1,161227,5,35,11,4,10,69.7,8678,5.93,5.57,102,4980,4595,0,,1,161227,5,35,11,4,10,69.7,8678,5.93,5.57,102,4980,4595,22,33,1,27,0,11,6,10,6,6,0,0,0,72563.9,61146.523636363636,17945.66,24081.25909090909,13855.260606060605,1319.3472727272729,1,55,10,0
5561,980829,60,7291,,2,1,228848,15,40,18,2,6,57.2,9893,4.09,4.72,96,5623,5887,0,,1,228848,15,40,18,2,6,57.2,9893,4.09,4.72,96,5623,5887,20,33,1,23,0,10,10,9,5,5,0,0,0,34015.2,48935.435849056616,17617.00566037736,24192.915,13631.60606060606,641.798113207547,0,45,10,0
5520,980830,48,4816,,2,1,182027,17,49,12,2,7,56.4,8746,3.33,3.74,90,4355,4433,2,970806.0,1,182027,17,49,12,2,7,56.4,8746,3.33,3.74,90,4355,4433,40,104,1,71,3,20,30,19,15,15,0,0,0,45405.1,54598.838888888895,13155.383333333333,24247.254999999997,8889.278846153846,315.31388888888773,0,20,20,0
5241,980902,24,5228,,2,5,125236,28,11,1,4,5,87.7,9675,6.43,7.68,100,5323,5190,0,,5,125236,28,11,1,4,5,87.7,9675,6.43,7.68,100,5323,5190,39,58,26,47,0,0,11,13,11,12,0,0,0,17288.0,48989.18247422681,10944.512371134022,13831.9358974359,9002.96896551724,178.07525773195871,1,57,12,0
7096,980902,12,3151,,2,7,67298,71,19,10,0,7,43.8,8561,0.65,1.29,110,1029,1127,0,,7,67298,71,19,10,0,7,43.8,8561,0.65,1.29,110,1029,1127,50,80,34,66,0,0,14,16,14,15,0,0,0,67422.4,54062.079230769225,14400.969230769231,19395.34,11279.4875,518.5230769230769,0,33,16,0
6078,980909,48,3559,,2,6,58796,22,16,7,1,5,51.9,9045,3.13,3.6,124,1845,1879,0,,6,58796,22,16,7,1,5,51.9,9045,3.13,3.6,124,1845,1879,23,42,1,35,0,11,7,11,7,7,0,0,0,52140.0,65037.92923076924,15992.552307692305,23731.334782608694,11754.647619047619,801.9307692307692,1,28,11,0
5046,980909,12,3568,,2,1,226122,32,50,7,4,4,62.6,8994,3.80,4.79,110,9672,9208,0,,1,226122,32,50,7,4,4,62.6,8994,3.80,4.79,110,9672,9208,41,44,26,34,0,0,10,15,10,11,0,0,0,18696.6,17076.756470588236,3205.855294117647,3551.148780487805,2884.1045454545456,219.95882352941186,1,61,15,1
5334,980910,24,8710,,2,4,1204953,0,0,0,1,1,100.0,12541,0.29,0.43,167,85677,99107,0,,4,1204953,0,0,0,1,1,100.0,12541,0.29,0.43,167,85677,99107,27,39,16,25,0,0,14,11,7,7,0,0,0,57504.2,44982.42272727273,6884.192424242424,9478.907407407407,5087.851282051282,871.2772727272728,1,19,11,0
6969,980912,36,2450,,2,1,127369,31,32,13,2,7,51.2,8369,4.73,5.88,107,3736,2807,0,,1,127369,31,32,13,2,7,51.2,8369,4.73,5.88,107,3736,2807,36,55,5,43,0,16,12,15,12,11,0,0,0,56477.5,37386.856043956046,5375.569230769231,7578.533333333332,3933.629090909091,620.6329670329673,1,53,15,1
6821,980915,48,6707,,2,4,1204953,0,0,0,1,1,100.0,12541,0.29,0.43,167,85677,99107,0,,4,1204953,0,0,0,1,1,100.0,12541,0.29,0.43,167,85677,99107,86,92,42,56,0,0,36,44,18,18,0,0,0,62516.8,32014.602808988762,4220.937078651686,4731.6511627906975,3743.5304347826086,351.22022471910117,0,37,22,1
5760,980918,36,2081,,2,4,1204953,0,0,0,1,1,100.0,12541,0.29,0.43,167,85677,99107,0,,4,1204953,0,0,0,1,1,100.0,12541,0.29,0.43,167,85677,99107,59,110,39,76,0,0,34,20,17,16,0,0,0,43455.2,56133.6526627219,11652.356804733728,17056.80847457627,8753.605454545454,257.1307692307691,1,56,21,0
5614,980921,60,4226,,2,5,119895,17,4,3,2,4,89.9,10446,7.34,9.4,90,4947,4743,0,,5,119895,17,4,3,2,4,89.9,10446,7.34,9.4,90,4947,4743,43,65,2,65,0,21,0,20,0,16,0,0,0,36718.7,39822.71111111111,10335.426851851853,13406.337209302326,8303.901538461538,339.9898148148145,0,47,21,0
7091,980922,36,3151,,2,3,105606,77,26,7,2,7,53.0,8254,2.79,3.76,97,2166,2325,0,,3,105606,77,26,7,2,7,53.0,8254,2.79,3.76,97,2166,2325,46,58,34,58,0,0,0,12,0,10,0,0,0,110482.6,68510.41730769232,17805.063461538462,21328.36086956522,15010.724137931034,1062.332692307692,1,42,12,0
5698,980922,60,2914,,2,0,109164,98,16,6,1,4,63.6,8757,3.38,3.95,96,2212,2471,0,,0,109164,98,16,6,1,4,63.6,8757,3.38,3.95,96,2212,2471,31,56,6,38,0,13,18,12,9,8,0,0,0,27706.0,34822.46896551725,5778.6160919540225,8555.57419354839,4241.371428571429,318.4597701149426,0,47,12,0
5169,980924,60,4220,,2,3,139012,59,41,8,3,10,61.9,8363,2.52,3.49,108,2564,2799,0,,3,139012,59,41,8,3,10,61.9,8363,2.52,3.49,108,2564,2799,42,92,24,47,0,0,45,18,15,14,0,0,0,48603.2,34086.20895522388,5916.702985074627,10017.161904761904,4044.7543478260864,362.71194029850744,1,61,19,0
7294,980927,24,1632,,2,2,94725,38,28,1,3,6,63.4,9920,2.26,2.87,130,4289,4846,0,,2,94725,38,28,1,3,6,63.4,9920,2.26,2.87,130,4289,4846,23,31,13,25,0,0,6,10,6,6,0,0,0,62119.2,55438.85185185187,7977.972222222223,10715.865217391303,5946.6322580645165,1150.3574074074072,0,19,11,0
5318,980930,48,8033,,2,7,72541,66,26,10,0,8,36.9,8594,1.62,2.01,112,1580,1525,0,,7,72541,66,26,10,0,8,36.9,8594,1.62,2.01,112,1580,1525,36,42,24,42,0,0,0,12,0,8,0,0,0,18109.0,69656.36923076924,12108.597435897436,13369.16111111111,11028.114285714286,232.16666666666677,1,23,16,1
5368,981005,24,1860,,2,0,108871,41,29,7,2,6,62.1,8444,3.24,3.47,106,2595,2305,0,,0,108871,41,29,7,2,6,62.1,8444,3.24,3.47,106,2595,2305,28,39,15,39,0,0,0,13,0,9,0,0,0,39261.4,41154.27910447762,6752.088059701492,8779.232142857143,5296.702564102564,585.7776119402986,1,41,13,0
6923,981005,24,1860,,2,0,108871,41,29,7,2,6,62.1,8444,3.24,3.47,106,2595,2305,0,,0,108871,41,29,7,2,6,62.1,8444,3.24,3.47,106,2595,2305,28,39,15,39,0,0,0,13,0,9,0,0,0,38058.2,41961.44925373135,6769.947761194029,8779.110714285714,5327.471794871794,567.816417910448,1,41,13,0
5463,981006,12,1496,,2,5,133777,24,17,7,3,11,84.7,8705,5.75,7.61,116,4650,4859,0,,5,133777,24,17,7,3,11,84.7,8705,5.75,7.61,116,4650,4859,26,32,15,25,0,0,7,11,7,7,0,0,0,31061.4,28597.88620689655,6297.55,7621.526923076923,5221.81875,535.543103448276,0,44,11,0
5265,981007,60,2763,,1,0,145688,22,41,13,2,5,40.7,8544,1.29,1.86,109,2719,2906,0,,0,145688,22,41,13,2,5,40.7,8544,1.29,1.86,109,2719,2906,60,53,24,53,0,0,0,36,0,9,0,2,0,68799.8,45342.20442477876,9700.006194690264,9495.541666666666,9931.475471698112,383.75486725663706,1,47,20,0
6321,981008,12,3208,,2,2,94725,38,28,1,3,6,63.4,9920,2.26,2.87,130,4289,4846,1,980924.0,2,94725,38,28,1,3,6,63.4,9920,2.26,2.87,130,4289,4846,22,14,9,14,0,0,0,13,0,2,0,0,0,92238.0,42732.3361111111,7807.824999999999,8484.204545454546,6744.942857142858,2561.758333333333,0,34,12,0
5226,981011,36,5154,,2,0,124605,11,42,14,1,8,46.0,8772,4.69,4.98,126,2854,3158,0,,0,124605,11,42,14,1,8,46.0,8772,4.69,4.98,126,2854,3158,18,17,11,10,0,0,7,7,2,2,0,0,0,15456.4,27729.91714285715,7575.054285714286,7745.038888888889,7395.070588235294,391.27142857142854,1,59,9,0
6868,981012,24,3422,,2,7,45714,52,10,5,1,6,55.6,8843,2.82,3.6,113,818,888,0,,7,45714,52,10,5,1,6,55.6,8843,2.82,3.6,113,818,888,69,52,4,52,0,17,0,48,0,12,0,0,0,37167.7,33221.211570247935,6249.394214876034,5748.876811594204,6913.542307692307,307.1760330578512,1,29,16,0
4967,981014,60,5308,,2,6,70646,94,14,3,1,4,58.4,8547,2.65,3.64,120,1563,1542,0,,6,70646,94,14,3,1,4,58.4,8547,2.65,3.64,120,1563,1542,32,84,18,48,0,0,36,14,12,11,0,1,0,16367.8,39953.97068965517,7571.999137931035,13979.996875,5130.857142857143,141.10258620689658,1,46,13,0
5293,981029,48,3954,,2,3,162580,83,26,5,1,6,72.8,9538,1.51,1.81,111,6079,5410,0,,3,162580,83,26,5,1,6,72.8,9538,1.51,1.81,111,6079,5410,47,81,6,65,0,21,16,20,16,16,0,0,0,37600.4,34760.228906250006,8240.7953125,11621.51489361702,6279.143209876543,293.7546875000001,1,58,20,0
5865,981030,60,5461,,2,5,85852,41,23,4,2,4,59.8,8965,7.08,8.23,104,2653,2822,0,,5,85852,41,23,4,2,4,59.8,8965,7.08,8.23,104,2653,2822,50,76,30,59,0,0,17,20,17,16,0,0,0,59536.5,49281.73888888889,11424.45873015873,14990.184,9078.586842105264,472.5126984126982,0,56,21,0
5841,981104,12,3499,,2,1,148545,8,35,12,3,4,53.5,8909,4.01,5.56,113,3460,3590,0,,1,148545,8,35,12,3,4,53.5,8909,4.01,5.56,113,3460,3590,55,74,35,59,0,0,15,20,15,16,0,0,0,57951.1,37122.396124031,4462.624031007752,5760.270909090909,3498.1567567567567,449.2348837209306,1,25,20,1
5526,981108,36,1934,,2,3,139012,59,41,8,3,10,61.9,8363,2.52,3.49,108,2564,2799,1,980109.0,3,139012,59,41,8,3,10,61.9,8363,2.52,3.49,108,2564,2799,41,104,22,54,6,0,44,19,15,15,0,0,0,49855.6,49145.707586206896,5552.080689655172,10425.7,3630.75,343.83241379310374,1,51,19,0
6852,981110,48,334,,2,5,105058,32,19,7,2,10,81.0,9272,2.80,3.22,118,4340,4505,0,,5,105058,32,19,7,2,10,81.0,9272,2.80,3.22,118,4340,4505,47,74,19,43,0,0,31,28,10,10,0,0,0,30690.0,23124.206611570247,3563.787603305785,4913.325531914893,2706.6486486486488,253.1760330578513,0,32,14,0
6469,981117,24,4156,,1,2,94725,38,28,1,3,6,63.4,9920,2.26,2.87,130,4289,4846,0,,2,94725,38,28,1,3,6,63.4,9920,2.26,2.87,130,4289,4846,42,60,9,47,0,17,13,16,13,12,0,0,0,71878.9,40126.96862745097,8674.164705882353,11388.614285714286,6774.05,704.694117647059,0,27,17,0
6168,981121,36,2756,,2,4,1204953,0,0,0,1,1,100.0,12541,0.29,0.43,167,85677,99107,0,,4,1204953,0,0,0,1,1,100.0,12541,0.29,0.43,167,85677,99107,37,49,23,40,0,0,9,14,9,8,0,0,0,30810.9,57018.617441860486,12681.030232558142,15153.778378378376,10813.85306122449,358.26744186046506,0,47,14,1
7292,981122,60,5291,,2,3,102609,75,33,2,3,6,52.0,8187,4.83,5.45,94,2123,2134,0,,3,102609,75,33,2,3,6,52.0,8187,4.83,5.45,94,2123,2134,50,95,34,67,0,0,28,16,14,14,0,0,0,76508.5,64978.0724137931,14354.505517241378,21579.118,10552.077894736842,527.6448275862077,1,23,16,0
5036,981125,48,1901,,2,6,177686,69,27,10,1,9,74.8,10045,1.42,1.71,135,6604,6295,0,,6,177686,69,27,10,1,9,74.8,10045,1.42,1.71,135,6604,6295,39,60,21,60,0,0,0,18,0,14,0,0,0,14866.7,30173.12424242425,7918.743434343435,10241.31282051282,6409.073333333334,150.1696969696968,0,25,19,0
5644,981127,36,7669,,2,4,1204953,0,0,0,1,1,100.0,12541,0.29,0.43,167,85677,99107,1,980725.0,4,1204953,0,0,0,1,1,100.0,12541,0.29,0.43,167,85677,99107,33,109,2,61,1,16,47,15,11,11,0,0,0,57631.4,58466.19366197185,10721.933802816902,23941.60606060606,6719.647706422019,405.85492957746453,0,34,15,0
6856,981201,36,4537,,2,6,70699,60,13,2,1,4,65.3,8968,2.83,3.35,131,1740,1910,0,,6,70699,60,13,2,1,4,65.3,8968,2.83,3.35,131,1740,1910,34,32,11,32,0,0,0,23,0,6,0,0,0,17635.6,29463.690909090907,8457.21818181818,8467.611764705882,8446.175,266.9878787878785,1,60,14,0
5428,981202,36,6395,,2,2,53921,61,22,1,1,2,41.3,8598,2.77,3.26,123,1597,1875,1,971230.0,2,53921,61,22,1,1,2,41.3,8598,2.77,3.26,123,1597,1875,64,89,42,86,3,0,0,22,0,20,0,0,0,94171.5,64923.162745098045,15620.818300653596,19042.51875,13160.269662921348,310.17777777777593,1,48,21,0
5027,981202,36,4470,,2,5,85852,41,23,4,2,4,59.8,8965,7.08,8.23,104,2653,2822,1,981013.0,5,85852,41,23,4,2,4,59.8,8965,7.08,8.23,104,2653,2822,25,34,1,27,0,12,7,12,7,8,0,0,0,48325.0,51649.398305084746,11120.552542372881,14088.752,8938.05294117647,819.0677966101696,1,27,11,0
4989,981205,48,7348,,2,6,103347,87,16,7,1,7,67.0,9104,1.51,2.07,123,2299,2354,1,980607.0,6,103347,87,16,7,1,7,67.0,9104,1.51,2.07,123,2299,2354,29,27,14,27,0,0,0,15,0,7,0,0,0,35875.3,30797.4875,8582.460714285715,8806.779310344828,8341.525925925926,538.8464285714286,0,47,16,0
5221,981205,12,4376,,2,0,157042,49,70,18,0,9,33.9,8743,1.88,2.43,111,3659,3894,0,,0,157042,49,70,18,0,9,33.9,8743,1.88,2.43,111,3659,3894,38,49,25,49,0,0,0,13,0,11,0,0,0,41035.4,59684.29885057472,12491.751724137932,14839.705263157895,10670.889795918369,471.66896551724136,1,53,17,0
5346,981206,24,2318,,2,1,285387,0,2,8,5,7,89.9,10177,6.63,7.75,81,9878,10108,0,,1,285387,0,2,8,5,7,89.9,10177,6.63,7.75,81,9878,10108,50,64,8,64,0,21,0,21,0,17,0,0,0,38449.2,29645.320175438595,6040.26052631579,7270.39,5079.221874999999,337.27456140350904,1,49,21,0
6402,981206,24,5812,,1,2,75232,55,26,4,1,5,41.7,8980,1.95,2.21,111,2824,2813,0,,2,75232,55,26,4,1,5,41.7,8980,1.95,2.21,111,2824,2813,39,65,3,65,0,18,0,18,0,14,0,0,0,47956.3,46755.30576923078,13016.101923076923,17969.630769230767,10043.984615384616,461.12115384615385,1,29,18,0
6748,981208,60,4015,,2,0,110643,49,41,4,1,4,51.9,8441,3.45,4.48,115,1879,2252,0,,0,110643,49,41,4,1,4,51.9,8441,3.45,4.48,115,1879,2252,54,66,20,53,0,0,13,34,13,13,0,0,0,19813.8,26268.19,5047.0625,5791.309259259258,4438.133333333333,165.11583333333337,0,49,17,0
